categoty,analysis,method
SYSTEM_SETTINGS,S,<java.lang.ClassLoader: java.lang.Class loadClass(java.lang.String)>
NETWORK_INFORMATION,S,<android.content.ContextWrapper: android.content.SharedPreferences getSharedPreferences(java.lang.String,int)>
NETWORK_INFORMATION,S,<android.util.SparseArray: android.util.SparseArray clone()>
NETWORK_INFORMATION,S,<android.view.MotionEvent: int getPointerCount()>
NETWORK_INFORMATION,S,<android.view.InputDevice$MotionRange: float getRange()>
NETWORK_INFORMATION,S,<java.util.HashMap: java.util.Collection values()>
NETWORK_INFORMATION,S,<android.util.SparseBooleanArray: android.util.SparseBooleanArray clone()>
NETWORK_INFORMATION,S,<android.net.Uri: android.net.Uri parse(java.lang.String)>
NETWORK_INFORMATION,S,<java.util.Date: long getTime()>
NETWORK_INFORMATION,S,<android.view.ContextThemeWrapper: android.content.res.Resources getResources()>
NETWORK_INFORMATION,S,<android.view.KeyEvent: int getUnicodeChar(int)>
NETWORK_INFORMATION,S,<android.view.MotionEvent: int getDeviceId()>
NETWORK_INFORMATION,S,<android.view.MotionEvent: int getPointerId(int)>
NETWORK_INFORMATION,S,<android.telephony.TelephonyManager: java.lang.String getDeviceId()>
NETWORK_INFORMATION,S,<android.view.MotionEvent: float getAxisValue(int)>
NETWORK_INFORMATION,S,<java.lang.Object: java.lang.Object clone()>
NETWORK_INFORMATION,S,<java.io.FileInputStream: java.io.FileDescriptor getFD()>
NETWORK_INFORMATION,S,<java.lang.Class: java.lang.reflect.Method getMethod(java.lang.String,java.lang.Class[])>
NETWORK_INFORMATION,S,<android.view.Display: int getOrientation()>
NETWORK_INFORMATION,S,<android.view.KeyEvent: int getDeviceId()>
NETWORK_INFORMATION,S,<android.net.ConnectivityManager: android.net.NetworkInfo getNetworkInfo(int)>
NETWORK_INFORMATION,S,<android.view.InputEvent: android.view.InputDevice getDevice()>
NETWORK_INFORMATION,S,<java.util.Locale: java.util.Locale getDefault()>
NETWORK_INFORMATION,S,<java.security.MessageDigest: java.security.MessageDigest getInstance(java.lang.String)>
NETWORK_INFORMATION,S,<java.io.File: java.lang.String getPath()>
NETWORK_INFORMATION,S,<android.view.Window: android.view.WindowManager getWindowManager()>
NETWORK_INFORMATION,S,<java.io.Writer: java.io.Writer append(java.lang.CharSequence,int,int)>
NETWORK_INFORMATION,S,<android.app.Activity: android.view.WindowManager getWindowManager()>
NETWORK_INFORMATION,S,<android.view.animation.Animation: android.view.animation.Animation clone()>
NETWORK_INFORMATION,S,<java.util.HashMap: java.util.Set entrySet()>
NETWORK_INFORMATION,S,<java.security.MessageDigest: byte[] digest()>
NETWORK_INFORMATION,S,<android.telephony.TelephonyManager: java.lang.String getSubscriberId()>
NETWORK_INFORMATION,S,<android.view.MotionEvent: float getX(int)>
NETWORK_INFORMATION,S,<android.content.ContextWrapper: android.content.pm.ApplicationInfo getApplicationInfo()>
NETWORK_INFORMATION,S,<android.view.InputDevice$MotionRange: float getFlat()>
NETWORK_INFORMATION,S,<android.os.Environment: java.io.File getDataDirectory()>
NETWORK_INFORMATION,S,<android.hardware.Sensor: int getType()>
NETWORK_INFORMATION,S,<android.app.Activity: android.app.Application getApplication()>
NETWORK_INFORMATION,S,<android.net.NetworkInfo: android.net.NetworkInfo$State getState()>
NETWORK_INFORMATION,S,<android.media.MediaPlayer: android.media.MediaPlayer create(android.content.Context,android.net.Uri)>
NETWORK_INFORMATION,S,<android.view.View: android.os.IBinder getWindowToken()>
NETWORK_INFORMATION,S,<android.view.MotionEvent: int getAction()>
NETWORK_INFORMATION,S,<android.view.InputDevice$MotionRange: float getMin()>
NETWORK_INFORMATION,S,<android.os.Environment: java.io.File getExternalStorageDirectory()>
NETWORK_INFORMATION,S,<android.view.MotionEvent: int getSource()>
NETWORK_INFORMATION,S,<java.lang.StringBuilder: java.lang.String toString()>
NETWORK_INFORMATION,S,<android.hardware.SensorManager: float[] getOrientation(float[],float[])>
NETWORK_INFORMATION,S,<android.hardware.SensorManager: android.hardware.Sensor getDefaultSensor(int)>
NETWORK_INFORMATION,S,<android.view.MotionEvent: float getY(int)>
NETWORK_INFORMATION,S,<android.view.MotionEvent: float getY()>
NETWORK_INFORMATION,S,<android.hardware.SensorManager: boolean getRotationMatrix(float[],float[],float[],float[])>
NETWORK_INFORMATION,S,<java.lang.Long: long longValue()>
NETWORK_INFORMATION,S,<java.lang.Throwable: java.lang.String getMessage()>
NETWORK_INFORMATION,S,<android.view.MotionEvent: float getSize(int)>
NETWORK_INFORMATION,S,<java.lang.Enum: java.lang.String toString()>
NETWORK_INFORMATION,S,<android.animation.Animator: android.animation.Animator clone()>
NETWORK_INFORMATION,S,<android.os.Environment: java.lang.String getExternalStorageState()>
NETWORK_INFORMATION,S,<android.content.ComponentName: android.content.ComponentName clone()>
NETWORK_INFORMATION,S,<android.view.KeyEvent: int getRepeatCount()>
NETWORK_INFORMATION,S,<java.util.Locale: java.lang.String getLanguage()>
NETWORK_INFORMATION,S,<java.io.File: java.lang.String getAbsolutePath()>
NETWORK_INFORMATION,S,<java.util.HashMap: java.lang.Object get(java.lang.Object)>
NETWORK_INFORMATION,S,<android.view.InputDevice: android.view.InputDevice$MotionRange getMotionRange(int,int)>
NETWORK_INFORMATION,S,<android.content.ContextWrapper: java.lang.ClassLoader getClassLoader()>
NETWORK_INFORMATION,S,<android.app.Activity: java.lang.Object getSystemService(java.lang.String)>
NETWORK_INFORMATION,S,<android.view.MotionEvent: float getX()>
NETWORK_INFORMATION,S,<java.lang.Class: java.lang.reflect.Constructor getConstructor(java.lang.Class[])>
NETWORK_INFORMATION,S,<android.content.res.Resources: android.content.res.Configuration getConfiguration()>
NETWORK_INFORMATION,S,<javax.microedition.khronos.egl.EGLContext: javax.microedition.khronos.egl.EGL getEGL()>
NETWORK_INFORMATION,S,<android.app.Activity: android.view.Window getWindow()>
NETWORK_INFORMATION,S,<android.view.KeyEvent: int getMetaState()>
