categoty,analysis,method
LOCATION_INFORMATION,S,<android.location.Location: float getAccuracy()>
LOCATION_INFORMATION,S,<android.location.Location: double getLatitude()>
LOCATION_INFORMATION,S,<android.location.LocationManager: android.location.Location getLastKnownLocation(java.lang.String)>
LOCATION_INFORMATION,S,<android.telephony.TelephonyManager: int getNetworkType()>
LOCATION_INFORMATION,S,<android.location.LocationManager: java.lang.String getBestProvider(android.location.Criteria,boolean)>
LOCATION_INFORMATION,S,<android.location.Location: double getLongitude()>
SYSTEM_SETTINGS,S,<javax.net.ssl.SSLContext: javax.net.ssl.SSLSocketFactory getSocketFactory()>
SYSTEM_SETTINGS,S,<javax.net.ssl.SSLContext: javax.net.ssl.SSLContext getInstance(java.lang.String)>
SYSTEM_SETTINGS,S,<java.lang.ClassLoader: java.lang.Class loadClass(java.lang.String)>
CALENDAR_INFORMATION,S,<java.util.Calendar: java.util.Date getTime()>
CALENDAR_INFORMATION,S,<java.util.Calendar: java.util.Calendar getInstance()>
NETWORK_INFORMATION,S,<java.io.File: java.io.File getAbsoluteFile()>
NETWORK_INFORMATION,S,<android.content.Intent: java.lang.String getStringExtra(java.lang.String)>
NETWORK_INFORMATION,S,<android.util.SparseArray: android.util.SparseArray clone()>
NETWORK_INFORMATION,S,<java.io.ByteArrayOutputStream: byte[] toByteArray()>
NETWORK_INFORMATION,S,<android.util.SparseBooleanArray: android.util.SparseBooleanArray clone()>
NETWORK_INFORMATION,S,<java.util.LinkedList: java.lang.Object getFirst()>
NETWORK_INFORMATION,S,<android.net.wifi.WifiManager: android.net.wifi.WifiInfo getConnectionInfo()>
NETWORK_INFORMATION,S,<java.io.FileOutputStream: java.io.FileDescriptor getFD()>
NETWORK_INFORMATION,S,<android.webkit.WebView: java.lang.String getTitle()>
NETWORK_INFORMATION,S,<java.net.URL: java.lang.String getRef()>
NETWORK_INFORMATION,S,<android.view.KeyEvent: int getAction()>
NETWORK_INFORMATION,S,<java.lang.StackTraceElement: java.lang.String getClassName()>
NETWORK_INFORMATION,S,<android.view.MotionEvent: int getPointerId(int)>
NETWORK_INFORMATION,S,<java.io.Reader: int read(char[])>
NETWORK_INFORMATION,S,<java.lang.Object: java.lang.Object clone()>
NETWORK_INFORMATION,S,<java.security.KeyStore: java.lang.String getDefaultType()>
NETWORK_INFORMATION,S,<java.lang.Short: short shortValue()>
NETWORK_INFORMATION,S,<java.lang.Class: java.lang.reflect.Method getMethod(java.lang.String,java.lang.Class[])>
NETWORK_INFORMATION,S,<java.lang.Byte: byte byteValue()>
NETWORK_INFORMATION,S,<android.net.ConnectivityManager: android.net.NetworkInfo getNetworkInfo(int)>
NETWORK_INFORMATION,S,<android.graphics.Bitmap: byte[] getNinePatchChunk()>
NETWORK_INFORMATION,S,<java.lang.Class: java.io.InputStream getResourceAsStream(java.lang.String)>
NETWORK_INFORMATION,S,<java.util.Locale: java.util.Locale getDefault()>
NETWORK_INFORMATION,S,<java.util.Random: float nextFloat()>
NETWORK_INFORMATION,S,<java.security.MessageDigest: java.security.MessageDigest getInstance(java.lang.String)>
NETWORK_INFORMATION,S,<java.lang.String: byte[] getBytes()>
NETWORK_INFORMATION,S,<java.io.File: java.lang.String getPath()>
NETWORK_INFORMATION,S,<android.view.Window: android.view.WindowManager getWindowManager()>
NETWORK_INFORMATION,S,<java.net.URI: java.lang.String getHost()>
NETWORK_INFORMATION,S,<java.lang.Thread: long getId()>
NETWORK_INFORMATION,S,<android.view.View: int getId()>
NETWORK_INFORMATION,S,<android.app.Activity: android.view.WindowManager getWindowManager()>
NETWORK_INFORMATION,S,<android.view.animation.Animation: android.view.animation.Animation clone()>
NETWORK_INFORMATION,S,<android.view.View: android.content.Context getContext()>
NETWORK_INFORMATION,S,<android.net.wifi.WifiInfo: java.lang.String getMacAddress()>
NETWORK_INFORMATION,S,<android.view.View: android.view.ViewGroup$LayoutParams getLayoutParams()>
NETWORK_INFORMATION,S,<android.content.Intent: android.net.Uri getData()>
NETWORK_INFORMATION,S,<android.view.View: android.content.res.Resources getResources()>
NETWORK_INFORMATION,S,<java.lang.System: java.util.Properties getProperties()>
NETWORK_INFORMATION,S,<android.view.Display: int getWidth()>
NETWORK_INFORMATION,S,<org.apache.http.conn.scheme.PlainSocketFactory: org.apache.http.conn.scheme.PlainSocketFactory getSocketFactory()>
NETWORK_INFORMATION,S,<java.lang.Integer: java.lang.String toString()>
NETWORK_INFORMATION,S,<java.lang.StackTraceElement: int getLineNumber()>
NETWORK_INFORMATION,S,<java.lang.ref.Reference: java.lang.Object get()>
NETWORK_INFORMATION,S,<java.net.URLConnection: java.io.OutputStream getOutputStream()>
NETWORK_INFORMATION,S,<android.view.MotionEvent: int getAction()>
NETWORK_INFORMATION,S,<android.view.View: android.view.ViewTreeObserver getViewTreeObserver()>
NETWORK_INFORMATION,S,<android.content.res.AssetFileDescriptor: long getLength()>
NETWORK_INFORMATION,S,<android.content.res.Resources: java.lang.String getResourceName(int)>
NETWORK_INFORMATION,S,<android.content.res.Resources: java.lang.String getString(int)>
NETWORK_INFORMATION,S,<java.lang.reflect.Field: int getInt(java.lang.Object)>
NETWORK_INFORMATION,S,<java.net.HttpURLConnection: int getResponseCode()>
NETWORK_INFORMATION,S,<android.webkit.CookieSyncManager: android.webkit.CookieSyncManager createInstance(android.content.Context)>
NETWORK_INFORMATION,S,<java.text.SimpleDateFormat: java.util.Date parse(java.lang.String,java.text.ParsePosition)>
NETWORK_INFORMATION,S,<android.view.MotionEvent: float getY()>
NETWORK_INFORMATION,S,<android.view.MotionEvent: float getY(int)>
NETWORK_INFORMATION,S,<android.view.ViewGroup: int getChildCount()>
NETWORK_INFORMATION,S,<java.lang.Long: long longValue()>
NETWORK_INFORMATION,S,<android.content.ContextWrapper: android.content.Context getApplicationContext()>
NETWORK_INFORMATION,S,<java.lang.Class: java.lang.Object newInstance()>
NETWORK_INFORMATION,S,<java.lang.Throwable: java.lang.String getMessage()>
NETWORK_INFORMATION,S,<java.lang.Thread: java.lang.Thread$UncaughtExceptionHandler getDefaultUncaughtExceptionHandler()>
NETWORK_INFORMATION,S,<java.math.BigInteger: byte[] toByteArray()>
NETWORK_INFORMATION,S,<java.net.URI: int getPort()>
NETWORK_INFORMATION,S,<javax.crypto.Cipher: javax.crypto.Cipher getInstance(java.lang.String)>
NETWORK_INFORMATION,S,<java.lang.Throwable: java.lang.StackTraceElement[] getStackTrace()>
NETWORK_INFORMATION,S,<android.content.ContextWrapper: android.content.pm.PackageManager getPackageManager()>
NETWORK_INFORMATION,S,<android.graphics.drawable.Drawable: int getIntrinsicWidth()>
NETWORK_INFORMATION,S,<android.content.res.Resources: android.util.DisplayMetrics getDisplayMetrics()>
NETWORK_INFORMATION,S,<android.os.Environment: java.lang.String getExternalStorageState()>
NETWORK_INFORMATION,S,<java.util.LinkedHashMap: java.lang.Object get(java.lang.Object)>
NETWORK_INFORMATION,S,<java.lang.StringBuffer: java.lang.String toString()>
NETWORK_INFORMATION,S,<android.content.ComponentName: android.content.ComponentName clone()>
NETWORK_INFORMATION,S,<android.view.View: int getWindowVisibility()>
NETWORK_INFORMATION,S,<android.content.res.Resources: int getIdentifier(java.lang.String,java.lang.String,java.lang.String)>
NETWORK_INFORMATION,S,<java.util.HashMap: java.lang.Object get(java.lang.Object)>
NETWORK_INFORMATION,S,<android.view.LayoutInflater: android.view.View inflate(int,android.view.ViewGroup)>
NETWORK_INFORMATION,S,<android.content.Intent: android.os.Parcelable getParcelableExtra(java.lang.String)>
NETWORK_INFORMATION,S,<java.lang.StackTraceElement: java.lang.String getMethodName()>
NETWORK_INFORMATION,S,<java.net.URL: java.lang.String getQuery()>
NETWORK_INFORMATION,S,<java.lang.Class: java.lang.reflect.Field getField(java.lang.String)>
NETWORK_INFORMATION,S,<android.content.res.Resources: android.content.res.XmlResourceParser getXml(int)>
NETWORK_INFORMATION,S,<android.content.ContextWrapper: java.lang.ClassLoader getClassLoader()>
NETWORK_INFORMATION,S,<java.util.Vector: java.lang.Object get(int)>
NETWORK_INFORMATION,S,<java.io.File: java.io.File getParentFile()>
NETWORK_INFORMATION,S,<android.graphics.Bitmap: android.graphics.Bitmap createBitmap(int,int,android.graphics.Bitmap$Config)>
NETWORK_INFORMATION,S,<javax.net.SocketFactory: java.net.Socket createSocket()>
NETWORK_INFORMATION,S,<android.view.KeyEvent: int getKeyCode()>
NETWORK_INFORMATION,S,<java.util.AbstractSequentialList: java.util.Iterator iterator()>
NETWORK_INFORMATION,S,<android.app.Dialog: android.view.Window getWindow()>
NETWORK_INFORMATION,S,<android.content.res.Resources: android.content.res.Configuration getConfiguration()>
NETWORK_INFORMATION,S,<android.content.Context: java.lang.String getString(int)>
NETWORK_INFORMATION,S,<java.net.URI: java.lang.String getScheme()>
NETWORK_INFORMATION,S,<android.webkit.WebView: android.webkit.WebSettings getSettings()>
NETWORK_INFORMATION,S,<android.content.ContextWrapper: java.lang.String getPackageName()>
NETWORK_INFORMATION,S,<android.content.res.AssetFileDescriptor: long getStartOffset()>
NETWORK_INFORMATION,S,<java.util.Stack: java.lang.Object pop()>
NETWORK_INFORMATION,S,<android.os.Looper: android.os.Looper getMainLooper()>
NETWORK_INFORMATION,S,<android.webkit.CookieSyncManager: android.webkit.CookieSyncManager getInstance()>
NETWORK_INFORMATION,S,<java.util.Date: int getHours()>
NETWORK_INFORMATION,S,<java.util.Date: int getMinutes()>
NETWORK_INFORMATION,S,<android.view.MotionEvent: int getPointerCount()>
NETWORK_INFORMATION,S,<android.os.HandlerThread: android.os.Looper getLooper()>
NETWORK_INFORMATION,S,<android.net.Uri: android.net.Uri parse(java.lang.String)>
NETWORK_INFORMATION,S,<java.util.TimeZone: java.util.TimeZone getDefault()>
NETWORK_INFORMATION,S,<java.util.Date: long getTime()>
NETWORK_INFORMATION,S,<android.view.ContextThemeWrapper: android.content.res.Resources getResources()>
NETWORK_INFORMATION,S,<java.lang.String: java.lang.String toString()>
NETWORK_INFORMATION,S,<android.widget.ArrayAdapter: java.lang.Object getItem(int)>
NETWORK_INFORMATION,S,<java.text.DateFormat: java.lang.String format(java.util.Date)>
NETWORK_INFORMATION,S,<org.json.JSONObject: org.json.JSONObject getJSONObject(java.lang.String)>
NETWORK_INFORMATION,S,<android.view.View: int getVisibility()>
NETWORK_INFORMATION,S,<java.util.TimeZone: java.lang.String getID()>
NETWORK_INFORMATION,S,<android.telephony.TelephonyManager: java.lang.String getDeviceId()>
NETWORK_INFORMATION,S,<android.widget.Toast: android.widget.Toast makeText(android.content.Context,java.lang.CharSequence,int)>
NETWORK_INFORMATION,S,<android.widget.TextView: android.text.Editable getEditableText()>
NETWORK_INFORMATION,S,<java.util.ArrayList: java.lang.Object get(int)>
NETWORK_INFORMATION,S,<android.view.KeyEvent: long getEventTime()>
NETWORK_INFORMATION,S,<org.json.JSONObject: java.lang.String getString(java.lang.String)>
NETWORK_INFORMATION,S,<java.net.URLConnection: java.lang.String getHeaderField(java.lang.String)>
NETWORK_INFORMATION,S,<android.app.Activity: android.content.Intent getIntent()>
NETWORK_INFORMATION,S,<android.view.LayoutInflater: android.view.View inflate(int,android.view.ViewGroup,boolean)>
NETWORK_INFORMATION,S,<android.net.ConnectivityManager: android.net.NetworkInfo getActiveNetworkInfo()>
NETWORK_INFORMATION,S,<android.webkit.CookieManager: android.webkit.CookieManager getInstance()>
NETWORK_INFORMATION,S,<java.io.Writer: java.io.Writer append(java.lang.CharSequence,int,int)>
NETWORK_INFORMATION,S,<android.content.Intent: android.os.Bundle getExtras()>
NETWORK_INFORMATION,S,<java.security.MessageDigest: byte[] digest()>
NETWORK_INFORMATION,S,<java.net.URLConnection: java.io.InputStream getInputStream()>
NETWORK_INFORMATION,S,<android.view.MotionEvent: float getX(int)>
NETWORK_INFORMATION,S,<android.telephony.TelephonyManager: java.lang.String getSubscriberId()>
NETWORK_INFORMATION,S,<android.app.AlertDialog$Builder: android.app.AlertDialog create()>
NETWORK_INFORMATION,S,<android.content.Context: java.lang.CharSequence getText(int)>
NETWORK_INFORMATION,S,<android.content.ContextWrapper: android.content.pm.ApplicationInfo getApplicationInfo()>
NETWORK_INFORMATION,S,<android.view.View: android.view.ViewParent getParent()>
NETWORK_INFORMATION,S,<android.content.res.Resources: android.graphics.drawable.Drawable getDrawable(int)>
NETWORK_INFORMATION,S,<android.webkit.WebHistoryItem: android.webkit.WebHistoryItem clone()>
NETWORK_INFORMATION,S,<java.lang.System: java.lang.String getProperty(java.lang.String)>
NETWORK_INFORMATION,S,<android.view.MotionEvent: long getEventTime()>
NETWORK_INFORMATION,S,<android.graphics.Bitmap: int getHeight()>
NETWORK_INFORMATION,S,<java.lang.String: byte[] getBytes(java.lang.String)>
NETWORK_INFORMATION,S,<java.lang.reflect.Array: java.lang.Object newInstance(java.lang.Class,int[])>
NETWORK_INFORMATION,S,<javax.crypto.Cipher: byte[] doFinal(byte[])>
NETWORK_INFORMATION,S,<android.net.NetworkInfo: android.net.NetworkInfo$State getState()>
NETWORK_INFORMATION,S,<java.util.zip.CRC32: long getValue()>
NETWORK_INFORMATION,S,<android.content.ContextWrapper: android.content.Context getBaseContext()>
NETWORK_INFORMATION,S,<java.util.TimeZone: java.util.TimeZone getTimeZone(java.lang.String)>
NETWORK_INFORMATION,S,<java.util.Properties: java.lang.String getProperty(java.lang.String)>
NETWORK_INFORMATION,S,<android.webkit.WebView: java.lang.String getUrl()>
NETWORK_INFORMATION,S,<android.os.Bundle: byte[] getByteArray(java.lang.String)>
NETWORK_INFORMATION,S,<android.os.Environment: java.io.File getExternalStorageDirectory()>
NETWORK_INFORMATION,S,<android.view.View: java.lang.Object getTag()>
NETWORK_INFORMATION,S,<java.net.URI: java.lang.String getPath()>
NETWORK_INFORMATION,S,<java.lang.StringBuilder: java.lang.String toString()>
NETWORK_INFORMATION,S,<android.graphics.Bitmap: int getWidth()>
NETWORK_INFORMATION,S,<android.graphics.Paint: int getTextWidths(java.lang.String,float[])>
NETWORK_INFORMATION,S,<android.graphics.Paint: android.graphics.Paint$FontMetrics getFontMetrics()>
NETWORK_INFORMATION,S,<java.util.Locale: java.lang.String getCountry()>
NETWORK_INFORMATION,S,<java.lang.reflect.Array: java.lang.Object newInstance(java.lang.Class,int)>
NETWORK_INFORMATION,S,<java.lang.Enum: java.lang.String toString()>
NETWORK_INFORMATION,S,<android.animation.Animator: android.animation.Animator clone()>
NETWORK_INFORMATION,S,<android.widget.EditText: android.text.Editable getText()>
NETWORK_INFORMATION,S,<android.view.ViewGroup: android.view.View getChildAt(int)>
NETWORK_INFORMATION,S,<android.provider.Settings$System: java.lang.String getString(android.content.ContentResolver,java.lang.String)>
NETWORK_INFORMATION,S,<java.io.File: java.io.File[] listFiles()>
NETWORK_INFORMATION,S,<java.util.Locale: java.lang.String getLanguage()>
NETWORK_INFORMATION,S,<android.content.Intent: int getIntExtra(java.lang.String,int)>
NETWORK_INFORMATION,S,<java.net.HttpURLConnection: java.io.InputStream getErrorStream()>
NETWORK_INFORMATION,S,<android.app.Dialog: android.content.Context getContext()>
NETWORK_INFORMATION,S,<java.io.File: java.lang.String getAbsolutePath()>
NETWORK_INFORMATION,S,<java.util.LinkedList: java.lang.Object removeFirst()>
NETWORK_INFORMATION,S,<java.util.HashMap: java.util.Set keySet()>
NETWORK_INFORMATION,S,<android.app.Activity: java.lang.Object getSystemService(java.lang.String)>
NETWORK_INFORMATION,S,<android.view.MotionEvent: float getX()>
NETWORK_INFORMATION,S,<android.net.ConnectivityManager: android.net.NetworkInfo[] getAllNetworkInfo()>
NETWORK_INFORMATION,S,<android.net.NetworkInfo: java.lang.String getTypeName()>
NETWORK_INFORMATION,S,<android.content.res.AssetFileDescriptor: java.io.FileDescriptor getFileDescriptor()>
NETWORK_INFORMATION,S,<android.util.SparseArray: java.lang.Object get(int)>
NETWORK_INFORMATION,S,<java.lang.Class: java.lang.reflect.Constructor getConstructor(java.lang.Class[])>
NETWORK_INFORMATION,S,<java.security.KeyStore: java.security.KeyStore getInstance(java.lang.String)>
NETWORK_INFORMATION,S,<javax.microedition.khronos.egl.EGLContext: javax.microedition.khronos.egl.EGL getEGL()>
NETWORK_INFORMATION,S,<android.app.Activity: android.view.Window getWindow()>
NETWORK_INFORMATION,S,<java.util.Stack: java.lang.Object peek()>
NETWORK_INFORMATION,S,<java.util.HashSet: java.util.Iterator iterator()>
NETWORK_INFORMATION,S,<android.view.SurfaceView: android.view.SurfaceHolder getHolder()>
NETWORK_INFORMATION,S,<android.webkit.WebBackForwardList: android.webkit.WebBackForwardList clone()>
NETWORK_INFORMATION,S,<org.json.JSONObject: org.json.JSONArray getJSONArray(java.lang.String)>
NETWORK_INFORMATION,S,<org.json.JSONArray: org.json.JSONObject getJSONObject(int)>
NETWORK_INFORMATION,S,<android.view.Display: int getHeight()>
