categoty,analysis,method
CALENDAR_INFORMATION,S,<java.util.Calendar: java.util.Date getTime()>
CALENDAR_INFORMATION,S,<java.util.Calendar: java.util.Calendar getInstance()>
CALENDAR_INFORMATION,S,<java.util.Calendar: int get(int)>
NETWORK_INFORMATION,S,<android.view.View: int getWidth()>
NETWORK_INFORMATION,S,<java.lang.Class: java.lang.reflect.Field[] getFields()>
NETWORK_INFORMATION,S,<org.json.JSONArray: java.lang.String getString(int)>
NETWORK_INFORMATION,S,<android.database.sqlite.SQLiteOpenHelper: android.database.sqlite.SQLiteDatabase getWritableDatabase()>
NETWORK_INFORMATION,S,<android.util.SparseArray: android.util.SparseArray clone()>
NETWORK_INFORMATION,S,<java.io.ByteArrayOutputStream: byte[] toByteArray()>
NETWORK_INFORMATION,S,<android.util.SparseBooleanArray: android.util.SparseBooleanArray clone()>
NETWORK_INFORMATION,S,<android.webkit.WebSettings: java.lang.String getUserAgentString()>
NETWORK_INFORMATION,S,<android.view.MotionEvent: int getPointerId(int)>
NETWORK_INFORMATION,S,<android.hardware.SensorManager: java.util.List getSensorList(int)>
NETWORK_INFORMATION,S,<android.webkit.ConsoleMessage: java.lang.String message()>
NETWORK_INFORMATION,S,<org.json.JSONArray: org.json.JSONArray put(java.lang.Object)>
NETWORK_INFORMATION,S,<android.content.res.Resources: android.content.res.AssetManager getAssets()>
NETWORK_INFORMATION,S,<android.net.Uri$Builder: android.net.Uri$Builder encodedQuery(java.lang.String)>
NETWORK_INFORMATION,S,<java.lang.Object: java.lang.Object clone()>
NETWORK_INFORMATION,S,<java.io.FileInputStream: java.io.FileDescriptor getFD()>
NETWORK_INFORMATION,S,<java.lang.Class: java.lang.reflect.Method getMethod(java.lang.String,java.lang.Class[])>
NETWORK_INFORMATION,S,<java.net.InetAddress: java.lang.String getHostAddress()>
NETWORK_INFORMATION,S,<java.lang.System: java.lang.String getProperty(java.lang.String,java.lang.String)>
NETWORK_INFORMATION,S,<android.net.ConnectivityManager: android.net.NetworkInfo getNetworkInfo(int)>
NETWORK_INFORMATION,S,<java.nio.Buffer: java.nio.Buffer flip()>
NETWORK_INFORMATION,S,<java.io.File: java.lang.String getName()>
NETWORK_INFORMATION,S,<java.util.Locale: java.util.Locale getDefault()>
NETWORK_INFORMATION,S,<java.security.MessageDigest: java.security.MessageDigest getInstance(java.lang.String)>
NETWORK_INFORMATION,S,<java.lang.String: byte[] getBytes()>
NETWORK_INFORMATION,S,<java.io.File: java.lang.String getPath()>
NETWORK_INFORMATION,S,<android.content.Intent: android.os.Bundle getBundleExtra(java.lang.String)>
NETWORK_INFORMATION,S,<android.view.View: int getId()>
NETWORK_INFORMATION,S,<android.net.Uri: android.net.Uri withAppendedPath(android.net.Uri,java.lang.String)>
NETWORK_INFORMATION,S,<android.app.Activity: android.view.WindowManager getWindowManager()>
NETWORK_INFORMATION,S,<android.view.animation.Animation: android.view.animation.Animation clone()>
NETWORK_INFORMATION,S,<android.view.View: int getHeight()>
NETWORK_INFORMATION,S,<android.telephony.TelephonyManager: java.lang.String getNetworkOperatorName()>
NETWORK_INFORMATION,S,<android.view.View: android.content.Context getContext()>
NETWORK_INFORMATION,S,<java.util.UUID: long getMostSignificantBits()>
NETWORK_INFORMATION,S,<android.view.View: android.view.ViewGroup$LayoutParams getLayoutParams()>
NETWORK_INFORMATION,S,<android.os.Bundle: java.io.Serializable getSerializable(java.lang.String)>
NETWORK_INFORMATION,S,<java.net.NetworkInterface: java.util.Enumeration getInetAddresses()>
NETWORK_INFORMATION,S,<android.view.View: android.content.res.Resources getResources()>
NETWORK_INFORMATION,S,<android.view.Display: int getWidth()>
NETWORK_INFORMATION,S,<org.json.JSONObject: java.util.Iterator keys()>
NETWORK_INFORMATION,S,<java.lang.Integer: java.lang.String toString()>
NETWORK_INFORMATION,S,<java.lang.String: java.lang.String trim()>
NETWORK_INFORMATION,S,<android.media.AudioManager: int getMode()>
NETWORK_INFORMATION,S,<java.lang.ref.Reference: java.lang.Object get()>
NETWORK_INFORMATION,S,<java.net.URLConnection: java.io.OutputStream getOutputStream()>
NETWORK_INFORMATION,S,<android.view.MotionEvent: int getAction()>
NETWORK_INFORMATION,S,<java.net.HttpURLConnection: int getResponseCode()>
NETWORK_INFORMATION,S,<android.provider.Settings$Secure: java.lang.String getString(android.content.ContentResolver,java.lang.String)>
NETWORK_INFORMATION,S,<android.content.Intent: java.lang.String getAction()>
NETWORK_INFORMATION,S,<android.view.MotionEvent: float getY()>
NETWORK_INFORMATION,S,<android.view.MotionEvent: float getY(int)>
NETWORK_INFORMATION,S,<java.lang.Long: long longValue()>
NETWORK_INFORMATION,S,<android.view.ViewGroup: int getChildCount()>
NETWORK_INFORMATION,S,<android.content.ContextWrapper: android.content.Context getApplicationContext()>
NETWORK_INFORMATION,S,<java.lang.Class: java.lang.Object newInstance()>
NETWORK_INFORMATION,S,<java.lang.Throwable: java.lang.String getMessage()>
NETWORK_INFORMATION,S,<java.math.BigInteger: byte[] toByteArray()>
NETWORK_INFORMATION,S,<javax.crypto.Cipher: javax.crypto.Cipher getInstance(java.lang.String)>
NETWORK_INFORMATION,S,<android.preference.PreferenceManager: android.content.SharedPreferences getDefaultSharedPreferences(android.content.Context)>
NETWORK_INFORMATION,S,<android.os.Environment: java.lang.String getExternalStorageState()>
NETWORK_INFORMATION,S,<android.content.res.Resources: android.util.DisplayMetrics getDisplayMetrics()>
NETWORK_INFORMATION,S,<java.lang.StringBuffer: java.lang.String toString()>
NETWORK_INFORMATION,S,<android.content.ComponentName: android.content.ComponentName clone()>
NETWORK_INFORMATION,S,<android.view.View$MeasureSpec: int getSize(int)>
NETWORK_INFORMATION,S,<android.content.res.Resources: int getIdentifier(java.lang.String,java.lang.String,java.lang.String)>
NETWORK_INFORMATION,S,<java.util.HashMap: java.lang.Object get(java.lang.Object)>
NETWORK_INFORMATION,S,<android.content.ContextWrapper: java.lang.ClassLoader getClassLoader()>
NETWORK_INFORMATION,S,<java.util.ArrayList: java.util.Iterator iterator()>
NETWORK_INFORMATION,S,<java.util.AbstractSequentialList: java.util.Iterator iterator()>
NETWORK_INFORMATION,S,<java.util.UUID: long getLeastSignificantBits()>
NETWORK_INFORMATION,S,<java.util.LinkedList: java.lang.Object get(int)>
NETWORK_INFORMATION,S,<android.webkit.WebView: android.webkit.WebSettings getSettings()>
NETWORK_INFORMATION,S,<android.content.ContextWrapper: java.lang.String getPackageName()>
NETWORK_INFORMATION,S,<android.os.Looper: android.os.Looper getMainLooper()>
NETWORK_INFORMATION,S,<org.json.JSONObject: int getInt(java.lang.String)>
NETWORK_INFORMATION,S,<android.content.ContextWrapper: android.content.SharedPreferences getSharedPreferences(java.lang.String,int)>
NETWORK_INFORMATION,S,<android.net.Uri: java.lang.String getQueryParameter(java.lang.String)>
NETWORK_INFORMATION,S,<android.content.ContentResolver: android.database.Cursor query(android.net.Uri,java.lang.String[],java.lang.String,java.lang.String[],java.lang.String)>
NETWORK_INFORMATION,S,<android.view.MotionEvent: int getPointerCount()>
NETWORK_INFORMATION,S,<android.net.Uri: android.net.Uri parse(java.lang.String)>
NETWORK_INFORMATION,S,<java.util.Date: long getTime()>
NETWORK_INFORMATION,S,<android.view.ContextThemeWrapper: android.content.res.Resources getResources()>
NETWORK_INFORMATION,S,<java.lang.Class: java.lang.String getSimpleName()>
NETWORK_INFORMATION,S,<java.lang.String: java.lang.String toString()>
NETWORK_INFORMATION,S,<java.text.DateFormat: java.lang.String format(java.util.Date)>
NETWORK_INFORMATION,S,<android.view.View: int getVisibility()>
NETWORK_INFORMATION,S,<android.net.Uri$Builder: android.net.Uri build()>
NETWORK_INFORMATION,S,<android.view.View$MeasureSpec: int getMode(int)>
NETWORK_INFORMATION,S,<android.content.ContextWrapper: android.content.ContentResolver getContentResolver()>
NETWORK_INFORMATION,S,<android.telephony.TelephonyManager: java.lang.String getDeviceId()>
NETWORK_INFORMATION,S,<android.net.NetworkInfo: int getType()>
NETWORK_INFORMATION,S,<android.telephony.TelephonyManager: java.lang.String getNetworkOperator()>
NETWORK_INFORMATION,S,<android.graphics.drawable.BitmapDrawable: android.graphics.Bitmap getBitmap()>
NETWORK_INFORMATION,S,<java.util.ArrayList: java.lang.Object get(int)>
NETWORK_INFORMATION,S,<android.view.View: android.view.View getRootView()>
NETWORK_INFORMATION,S,<org.json.JSONObject: java.lang.String getString(java.lang.String)>
NETWORK_INFORMATION,S,<java.net.URLConnection: java.lang.String getHeaderField(java.lang.String)>
NETWORK_INFORMATION,S,<android.app.Activity: android.content.Intent getIntent()>
NETWORK_INFORMATION,S,<android.net.ConnectivityManager: android.net.NetworkInfo getActiveNetworkInfo()>
NETWORK_INFORMATION,S,<javax.crypto.Cipher: byte[] getIV()>
NETWORK_INFORMATION,S,<java.io.Writer: java.io.Writer append(java.lang.CharSequence,int,int)>
NETWORK_INFORMATION,S,<android.content.Intent: android.os.Bundle getExtras()>
NETWORK_INFORMATION,S,<android.widget.VideoView: int getCurrentPosition()>
NETWORK_INFORMATION,S,<android.webkit.ConsoleMessage: android.webkit.ConsoleMessage$MessageLevel messageLevel()>
NETWORK_INFORMATION,S,<java.security.MessageDigest: byte[] digest()>
NETWORK_INFORMATION,S,<android.graphics.Bitmap: android.graphics.Bitmap createScaledBitmap(android.graphics.Bitmap,int,int,boolean)>
NETWORK_INFORMATION,S,<java.net.URLConnection: java.io.InputStream getInputStream()>
NETWORK_INFORMATION,S,<android.telephony.TelephonyManager: java.lang.String getSubscriberId()>
NETWORK_INFORMATION,S,<android.view.MotionEvent: float getX(int)>
NETWORK_INFORMATION,S,<android.app.AlertDialog$Builder: android.app.AlertDialog create()>
NETWORK_INFORMATION,S,<android.widget.VideoView: int getDuration()>
NETWORK_INFORMATION,S,<android.content.ContextWrapper: android.content.pm.ApplicationInfo getApplicationInfo()>
NETWORK_INFORMATION,S,<java.net.NetworkInterface: java.util.Enumeration getNetworkInterfaces()>
NETWORK_INFORMATION,S,<android.view.View: android.view.ViewParent getParent()>
NETWORK_INFORMATION,S,<android.content.res.Resources: android.graphics.drawable.Drawable getDrawable(int)>
NETWORK_INFORMATION,S,<android.webkit.WebHistoryItem: android.webkit.WebHistoryItem clone()>
NETWORK_INFORMATION,S,<android.hardware.Sensor: int getType()>
NETWORK_INFORMATION,S,<java.lang.System: java.lang.String getProperty(java.lang.String)>
NETWORK_INFORMATION,S,<java.lang.String: byte[] getBytes(java.lang.String)>
NETWORK_INFORMATION,S,<android.graphics.Bitmap: int getHeight()>
NETWORK_INFORMATION,S,<android.database.sqlite.SQLiteDatabase: android.database.Cursor query(java.lang.String,java.lang.String[],java.lang.String,java.lang.String[],java.lang.String,java.lang.String,java.lang.String)>
NETWORK_INFORMATION,S,<javax.crypto.Cipher: byte[] doFinal(byte[])>
NETWORK_INFORMATION,S,<android.net.NetworkInfo: android.net.NetworkInfo$State getState()>
NETWORK_INFORMATION,S,<android.net.NetworkInfo: int getSubtype()>
NETWORK_INFORMATION,S,<java.lang.Class: java.lang.String getName()>
NETWORK_INFORMATION,S,<java.lang.Enum: java.lang.String name()>
NETWORK_INFORMATION,S,<java.lang.reflect.Method: java.lang.Class[] getParameterTypes()>
NETWORK_INFORMATION,S,<android.os.Environment: java.io.File getExternalStorageDirectory()>
NETWORK_INFORMATION,S,<java.lang.StringBuilder: java.lang.String toString()>
NETWORK_INFORMATION,S,<android.graphics.Bitmap: int getWidth()>
NETWORK_INFORMATION,S,<java.util.Locale: java.lang.String getCountry()>
NETWORK_INFORMATION,S,<java.lang.Enum: java.lang.String toString()>
NETWORK_INFORMATION,S,<android.animation.Animator: android.animation.Animator clone()>
NETWORK_INFORMATION,S,<android.widget.EditText: android.text.Editable getText()>
NETWORK_INFORMATION,S,<java.lang.reflect.Method: java.lang.String getName()>
NETWORK_INFORMATION,S,<android.view.KeyEvent: int getRepeatCount()>
NETWORK_INFORMATION,S,<java.util.Locale: java.lang.String getLanguage()>
NETWORK_INFORMATION,S,<android.media.AudioManager: int getRingerMode()>
NETWORK_INFORMATION,S,<java.io.File: java.lang.String getAbsolutePath()>
NETWORK_INFORMATION,S,<java.util.concurrent.TimeUnit: long convert(long,java.util.concurrent.TimeUnit)>
NETWORK_INFORMATION,S,<java.lang.Class: java.lang.reflect.Method[] getMethods()>
NETWORK_INFORMATION,S,<android.app.Activity: java.lang.Object getSystemService(java.lang.String)>
NETWORK_INFORMATION,S,<android.view.MotionEvent: float getX()>
NETWORK_INFORMATION,S,<java.text.DateFormat: java.util.Date parse(java.lang.String)>
NETWORK_INFORMATION,S,<android.media.AudioManager: boolean isMusicActive()>
NETWORK_INFORMATION,S,<java.lang.Class: java.lang.reflect.Constructor getConstructor(java.lang.Class[])>
NETWORK_INFORMATION,S,<android.webkit.ConsoleMessage: java.lang.String sourceId()>
NETWORK_INFORMATION,S,<android.app.Activity: android.view.Window getWindow()>
NETWORK_INFORMATION,S,<android.view.SurfaceView: android.view.SurfaceHolder getHolder()>
NETWORK_INFORMATION,S,<android.webkit.WebBackForwardList: android.webkit.WebBackForwardList clone()>
NETWORK_INFORMATION,S,<org.json.JSONObject: org.json.JSONArray getJSONArray(java.lang.String)>
NETWORK_INFORMATION,S,<org.json.JSONArray: org.json.JSONObject getJSONObject(int)>
NETWORK_INFORMATION,S,<java.lang.reflect.Field: java.lang.annotation.Annotation getAnnotation(java.lang.Class)>
NETWORK_INFORMATION,D,<android.content.ContextWrapper: android.content.SharedPreferences getSharedPreferences(java.lang.String,int)>
NETWORK_INFORMATION,D,<android.graphics.Bitmap: int getHeight()>
NETWORK_INFORMATION,D,<java.lang.String: java.lang.String trim()>
NETWORK_INFORMATION,D,<android.net.Uri: android.net.Uri parse(java.lang.String)>
NETWORK_INFORMATION,D,<android.view.ContextThemeWrapper: android.content.res.Resources getResources()>
NETWORK_INFORMATION,D,<android.webkit.WebSettings: java.lang.String getUserAgentString()>
NETWORK_INFORMATION,D,<android.os.Environment: java.io.File getExternalStorageDirectory()>
NETWORK_INFORMATION,D,<java.lang.StringBuilder: java.lang.String toString()>
NETWORK_INFORMATION,D,<android.graphics.Bitmap: int getWidth()>
NETWORK_INFORMATION,D,<java.lang.Long: long longValue()>
NETWORK_INFORMATION,D,<android.content.ContextWrapper: android.content.Context getApplicationContext()>
NETWORK_INFORMATION,D,<android.content.ContextWrapper: android.content.pm.PackageManager getPackageManager()>
NETWORK_INFORMATION,D,<android.content.ContextWrapper: android.content.Intent registerReceiver(android.content.BroadcastReceiver,android.content.IntentFilter)>
NETWORK_INFORMATION,D,<android.os.Environment: java.lang.String getExternalStorageState()>
NETWORK_INFORMATION,D,<android.content.res.Resources: android.util.DisplayMetrics getDisplayMetrics()>
NETWORK_INFORMATION,D,<android.content.ContextWrapper: java.io.File getDatabasePath(java.lang.String)>
NETWORK_INFORMATION,D,<java.io.File: java.lang.String getAbsolutePath()>
NETWORK_INFORMATION,D,<java.security.MessageDigest: java.security.MessageDigest getInstance(java.lang.String)>
NETWORK_INFORMATION,D,<java.lang.String: byte[] getBytes()>
NETWORK_INFORMATION,D,<android.app.Activity: android.view.WindowManager getWindowManager()>
NETWORK_INFORMATION,D,<java.security.MessageDigest: byte[] digest()>
NETWORK_INFORMATION,D,<android.view.View: android.content.Context getContext()>
NETWORK_INFORMATION,D,<android.content.ContextWrapper: java.io.File getCacheDir()>
NETWORK_INFORMATION,D,<android.app.Activity: android.view.Window getWindow()>
NETWORK_INFORMATION,D,<android.content.ContextWrapper: java.lang.String getPackageName()>
NETWORK_INFORMATION,D,<android.webkit.WebView: android.webkit.WebSettings getSettings()>
SYSTEM_SETTINGS,S,<java.lang.ClassLoader: java.lang.Class loadClass(java.lang.String)>
LOCATION_INFORMATION,S,<android.location.Location: float getAccuracy()>
LOCATION_INFORMATION,S,<android.location.Location: double getLatitude()>
LOCATION_INFORMATION,S,<android.location.LocationManager: android.location.Location getLastKnownLocation(java.lang.String)>
LOCATION_INFORMATION,S,<android.telephony.TelephonyManager: int getPhoneType()>
LOCATION_INFORMATION,S,<android.telephony.TelephonyManager: int getNetworkType()>
LOCATION_INFORMATION,S,<android.location.Location: double getLongitude()>
LOCATION_INFORMATION,S,<android.location.Location: long getTime()>
