categoty,analysis,method
NETWORK_INFORMATION,S,<java.nio.Buffer: java.nio.Buffer clear()>
NETWORK_INFORMATION,S,<java.lang.Class: java.lang.reflect.Field[] getFields()>
NETWORK_INFORMATION,S,<android.util.SparseArray: android.util.SparseArray clone()>
NETWORK_INFORMATION,S,<java.io.ByteArrayOutputStream: byte[] toByteArray()>
NETWORK_INFORMATION,S,<java.util.HashMap: java.util.Collection values()>
NETWORK_INFORMATION,S,<java.lang.Class: java.lang.reflect.Field getDeclaredField(java.lang.String)>
NETWORK_INFORMATION,S,<android.view.View: android.os.IBinder getApplicationWindowToken()>
NETWORK_INFORMATION,S,<java.net.URL: java.lang.String getHost()>
NETWORK_INFORMATION,S,<java.lang.reflect.Array: int getLength(java.lang.Object)>
NETWORK_INFORMATION,S,<java.util.Date: java.lang.String toString()>
NETWORK_INFORMATION,S,<android.view.KeyEvent: int getAction()>
NETWORK_INFORMATION,S,<java.io.File: java.lang.String[] list()>
NETWORK_INFORMATION,S,<android.os.Environment: java.io.File getExternalStoragePublicDirectory(java.lang.String)>
NETWORK_INFORMATION,S,<android.hardware.SensorManager: java.util.List getSensorList(int)>
NETWORK_INFORMATION,S,<android.os.Messenger: android.os.IBinder getBinder()>
NETWORK_INFORMATION,S,<android.app.Notification: android.app.Notification clone()>
NETWORK_INFORMATION,S,<android.os.Parcel: android.os.Parcelable readParcelable(java.lang.ClassLoader)>
NETWORK_INFORMATION,S,<java.lang.Object: java.lang.Object clone()>
NETWORK_INFORMATION,S,<android.hardware.Camera: android.hardware.Camera$Parameters getParameters()>
NETWORK_INFORMATION,S,<android.content.ContentProvider: android.content.Context getContext()>
NETWORK_INFORMATION,S,<android.app.ActivityManager: void getMemoryInfo(android.app.ActivityManager$MemoryInfo)>
NETWORK_INFORMATION,S,<android.graphics.Bitmap: android.graphics.Bitmap createBitmap(android.graphics.Bitmap,int,int,int,int,android.graphics.Matrix,boolean)>
NETWORK_INFORMATION,S,<java.lang.Class: java.lang.reflect.Method getMethod(java.lang.String,java.lang.Class[])>
NETWORK_INFORMATION,S,<android.widget.RemoteViews: android.widget.RemoteViews clone()>
NETWORK_INFORMATION,S,<java.net.InetAddress: java.lang.String getHostAddress()>
NETWORK_INFORMATION,S,<android.content.ContextWrapper: android.content.Intent registerReceiver(android.content.BroadcastReceiver,android.content.IntentFilter)>
NETWORK_INFORMATION,S,<android.widget.TextView: int getGravity()>
NETWORK_INFORMATION,S,<java.lang.Package: java.lang.String getName()>
NETWORK_INFORMATION,S,<java.io.File: java.lang.String getName()>
NETWORK_INFORMATION,S,<java.math.BigInteger: double doubleValue()>
NETWORK_INFORMATION,S,<java.lang.Float: java.lang.String toString()>
NETWORK_INFORMATION,S,<java.io.ObjectInputStream: float readFloat()>
NETWORK_INFORMATION,S,<java.math.BigDecimal: double doubleValue()>
NETWORK_INFORMATION,S,<java.util.concurrent.LinkedBlockingQueue: java.lang.Object take()>
NETWORK_INFORMATION,S,<java.lang.String: byte[] getBytes()>
NETWORK_INFORMATION,S,<java.io.File: java.lang.String getPath()>
NETWORK_INFORMATION,S,<java.lang.Thread: long getId()>
NETWORK_INFORMATION,S,<android.view.View: int getId()>
NETWORK_INFORMATION,S,<android.app.Activity: android.view.WindowManager getWindowManager()>
NETWORK_INFORMATION,S,<android.telephony.TelephonyManager: java.lang.String getNetworkOperatorName()>
NETWORK_INFORMATION,S,<java.util.HashMap: java.util.Set entrySet()>
NETWORK_INFORMATION,S,<android.net.wifi.WifiInfo: java.lang.String getMacAddress()>
NETWORK_INFORMATION,S,<android.database.sqlite.SQLiteDatabase: android.database.Cursor rawQuery(java.lang.String,java.lang.String[])>
NETWORK_INFORMATION,S,<android.sax.RootElement: org.xml.sax.ContentHandler getContentHandler()>
NETWORK_INFORMATION,S,<android.telephony.TelephonyManager: java.lang.String getSimOperator()>
NETWORK_INFORMATION,S,<android.telephony.SmsManager: android.telephony.SmsManager getDefault()>
NETWORK_INFORMATION,S,<java.util.LinkedList: java.lang.Object remove()>
NETWORK_INFORMATION,S,<java.lang.reflect.Constructor: int getModifiers()>
NETWORK_INFORMATION,S,<java.lang.Integer: java.lang.String toString()>
NETWORK_INFORMATION,S,<java.lang.String: java.lang.String trim()>
NETWORK_INFORMATION,S,<java.net.URLConnection: java.io.OutputStream getOutputStream()>
NETWORK_INFORMATION,S,<android.content.Intent: java.lang.String toString()>
NETWORK_INFORMATION,S,<java.lang.reflect.Field: int getInt(java.lang.Object)>
NETWORK_INFORMATION,S,<java.math.BigInteger: long longValue()>
NETWORK_INFORMATION,S,<android.content.Intent: java.lang.String getAction()>
NETWORK_INFORMATION,S,<java.net.URL: java.lang.Object getContent()>
NETWORK_INFORMATION,S,<android.webkit.CookieSyncManager: android.webkit.CookieSyncManager createInstance(android.content.Context)>
NETWORK_INFORMATION,S,<android.view.MotionEvent: float getY(int)>
NETWORK_INFORMATION,S,<org.apache.http.HttpHost: java.lang.String toURI()>
NETWORK_INFORMATION,S,<android.net.NetworkInfo: java.lang.String getExtraInfo()>
NETWORK_INFORMATION,S,<java.lang.Float: float floatValue()>
NETWORK_INFORMATION,S,<java.lang.Throwable: java.lang.String getMessage()>
NETWORK_INFORMATION,S,<java.lang.Thread: java.lang.Thread$UncaughtExceptionHandler getDefaultUncaughtExceptionHandler()>
NETWORK_INFORMATION,S,<java.math.BigInteger: byte[] toByteArray()>
NETWORK_INFORMATION,S,<android.content.ContentResolver: java.lang.String getType(android.net.Uri)>
NETWORK_INFORMATION,S,<java.lang.Throwable: java.lang.StackTraceElement[] getStackTrace()>
NETWORK_INFORMATION,S,<android.content.ContextWrapper: android.content.pm.PackageManager getPackageManager()>
NETWORK_INFORMATION,S,<java.util.regex.Matcher: java.lang.String group()>
NETWORK_INFORMATION,S,<android.content.res.Resources: android.util.DisplayMetrics getDisplayMetrics()>
NETWORK_INFORMATION,S,<java.util.LinkedHashMap: java.lang.Object get(java.lang.Object)>
NETWORK_INFORMATION,S,<java.lang.StringBuffer: java.lang.String toString()>
NETWORK_INFORMATION,S,<android.content.ComponentName: android.content.ComponentName clone()>
NETWORK_INFORMATION,S,<java.lang.Class: java.lang.String getCanonicalName()>
NETWORK_INFORMATION,S,<android.widget.TextView: android.text.method.KeyListener getKeyListener()>
NETWORK_INFORMATION,S,<java.lang.Class: java.lang.Package getPackage()>
NETWORK_INFORMATION,S,<java.util.HashMap: java.lang.Object get(java.lang.Object)>
NETWORK_INFORMATION,S,<java.lang.Throwable: java.lang.Throwable getCause()>
NETWORK_INFORMATION,S,<java.net.URL: java.lang.String getQuery()>
NETWORK_INFORMATION,S,<android.content.res.Resources: android.content.res.XmlResourceParser getXml(int)>
NETWORK_INFORMATION,S,<java.util.concurrent.ConcurrentHashMap: java.util.Collection values()>
NETWORK_INFORMATION,S,<org.json.JSONObject: java.lang.Object get(java.lang.String)>
NETWORK_INFORMATION,S,<android.graphics.Bitmap: android.graphics.Bitmap createBitmap(int,int,android.graphics.Bitmap$Config)>
NETWORK_INFORMATION,S,<android.text.method.PasswordTransformationMethod: android.text.method.PasswordTransformationMethod getInstance()>
NETWORK_INFORMATION,S,<android.view.KeyEvent: int getKeyCode()>
NETWORK_INFORMATION,S,<java.lang.String: char[] toCharArray()>
NETWORK_INFORMATION,S,<android.content.ContextWrapper: java.lang.String getPackageCodePath()>
NETWORK_INFORMATION,S,<java.net.URI: java.lang.String getScheme()>
NETWORK_INFORMATION,S,<java.net.URLConnection: java.lang.String getContentEncoding()>
NETWORK_INFORMATION,S,<android.os.Looper: android.os.Looper getMainLooper()>
NETWORK_INFORMATION,S,<android.view.View: android.graphics.drawable.Drawable getBackground()>
NETWORK_INFORMATION,S,<android.content.ContextWrapper: android.content.SharedPreferences getSharedPreferences(java.lang.String,int)>
NETWORK_INFORMATION,S,<android.view.MotionEvent: int getActionIndex()>
NETWORK_INFORMATION,S,<android.view.MotionEvent: int getPointerCount()>
NETWORK_INFORMATION,S,<java.util.Date: long getTime()>
NETWORK_INFORMATION,S,<java.lang.String: java.lang.String toString()>
NETWORK_INFORMATION,S,<android.view.ContextThemeWrapper: android.content.res.Resources getResources()>
NETWORK_INFORMATION,S,<java.text.DateFormat: java.lang.String format(java.util.Date)>
NETWORK_INFORMATION,S,<org.json.JSONObject: org.json.JSONObject getJSONObject(java.lang.String)>
NETWORK_INFORMATION,S,<android.telephony.TelephonyManager: java.lang.String getDeviceId()>
NETWORK_INFORMATION,S,<java.lang.reflect.Field: java.lang.Object get(java.lang.Object)>
NETWORK_INFORMATION,S,<java.lang.Class: java.lang.ClassLoader getClassLoader()>
NETWORK_INFORMATION,S,<java.text.NumberFormat: java.text.NumberFormat getCurrencyInstance(java.util.Locale)>
NETWORK_INFORMATION,S,<org.apache.http.entity.BufferedHttpEntity: java.io.InputStream getContent()>
NETWORK_INFORMATION,S,<java.lang.Character: char charValue()>
NETWORK_INFORMATION,S,<java.lang.Number: byte byteValue()>
NETWORK_INFORMATION,S,<java.lang.Class: java.lang.reflect.Type getGenericSuperclass()>
NETWORK_INFORMATION,S,<org.json.JSONObject: java.lang.String getString(java.lang.String)>
NETWORK_INFORMATION,S,<java.text.Format: java.lang.String format(java.lang.Object)>
NETWORK_INFORMATION,S,<android.os.Handler: android.os.Looper getLooper()>
NETWORK_INFORMATION,S,<android.app.Activity: android.content.Intent getIntent()>
NETWORK_INFORMATION,S,<org.json.JSONTokener: java.lang.Object nextValue()>
NETWORK_INFORMATION,S,<android.view.Display: int getRotation()>
NETWORK_INFORMATION,S,<java.util.Random: long nextLong()>
NETWORK_INFORMATION,S,<android.net.ConnectivityManager: android.net.NetworkInfo getActiveNetworkInfo()>
NETWORK_INFORMATION,S,<java.lang.Class: java.lang.reflect.Field[] getDeclaredFields()>
NETWORK_INFORMATION,S,<android.media.AudioManager: int getStreamVolume(int)>
NETWORK_INFORMATION,S,<android.webkit.CookieManager: android.webkit.CookieManager getInstance()>
NETWORK_INFORMATION,S,<java.io.Writer: java.io.Writer append(java.lang.CharSequence,int,int)>
NETWORK_INFORMATION,S,<org.apache.commons.codec.binary.Base64: byte[] decode(byte[])>
NETWORK_INFORMATION,S,<java.io.File: java.lang.String getCanonicalPath()>
NETWORK_INFORMATION,S,<java.lang.reflect.Method: java.lang.Class getDeclaringClass()>
NETWORK_INFORMATION,S,<android.telephony.TelephonyManager: java.lang.String getSubscriberId()>
NETWORK_INFORMATION,S,<java.net.URI: java.lang.String toASCIIString()>
NETWORK_INFORMATION,S,<android.content.ContextWrapper: java.io.File getDir(java.lang.String,int)>
NETWORK_INFORMATION,S,<javax.crypto.Mac: javax.crypto.Mac getInstance(java.lang.String)>
NETWORK_INFORMATION,S,<java.lang.reflect.InvocationTargetException: java.lang.Throwable getTargetException()>
NETWORK_INFORMATION,S,<android.view.View: android.view.ViewParent getParent()>
NETWORK_INFORMATION,S,<android.content.res.Resources: android.graphics.drawable.Drawable getDrawable(int)>
NETWORK_INFORMATION,S,<java.lang.System: java.lang.String getProperty(java.lang.String)>
NETWORK_INFORMATION,S,<android.graphics.Bitmap: int getHeight()>
NETWORK_INFORMATION,S,<java.lang.ref.ReferenceQueue: java.lang.ref.Reference poll()>
NETWORK_INFORMATION,S,<javax.crypto.Cipher: byte[] doFinal(byte[])>
NETWORK_INFORMATION,S,<java.lang.Class: java.lang.reflect.Method getDeclaredMethod(java.lang.String,java.lang.Class[])>
NETWORK_INFORMATION,S,<java.nio.charset.CharsetEncoder: java.nio.charset.CoderResult encode(java.nio.CharBuffer,java.nio.ByteBuffer,boolean)>
NETWORK_INFORMATION,S,<android.view.View: android.view.animation.Animation getAnimation()>
NETWORK_INFORMATION,S,<android.widget.ImageView: android.graphics.Matrix getImageMatrix()>
NETWORK_INFORMATION,S,<java.lang.reflect.Method: java.lang.Class[] getParameterTypes()>
NETWORK_INFORMATION,S,<android.os.Environment: java.io.File getExternalStorageDirectory()>
NETWORK_INFORMATION,S,<java.lang.reflect.Field: long getLong(java.lang.Object)>
NETWORK_INFORMATION,S,<java.util.concurrent.ConcurrentHashMap: java.lang.Object get(java.lang.Object)>
NETWORK_INFORMATION,S,<java.net.URI: java.lang.String getPath()>
NETWORK_INFORMATION,S,<java.lang.StringBuilder: java.lang.String toString()>
NETWORK_INFORMATION,S,<android.graphics.Bitmap: int getWidth()>
NETWORK_INFORMATION,S,<android.telephony.SmsMessage: android.telephony.SmsMessage createFromPdu(byte[])>
NETWORK_INFORMATION,S,<java.lang.Enum: java.lang.String toString()>
NETWORK_INFORMATION,S,<java.lang.reflect.Array: java.lang.Object newInstance(java.lang.Class,int)>
NETWORK_INFORMATION,S,<android.telephony.TelephonyManager: java.lang.String getSimCountryIso()>
NETWORK_INFORMATION,S,<android.content.ContentValues: java.lang.Object get(java.lang.String)>
NETWORK_INFORMATION,S,<android.animation.Animator: android.animation.Animator clone()>
NETWORK_INFORMATION,S,<android.widget.EditText: android.text.Editable getText()>
NETWORK_INFORMATION,S,<java.lang.reflect.Method: java.lang.String getName()>
NETWORK_INFORMATION,S,<android.provider.Settings$System: java.lang.String getString(android.content.ContentResolver,java.lang.String)>
NETWORK_INFORMATION,S,<java.io.File: java.io.File[] listFiles()>
NETWORK_INFORMATION,S,<android.telephony.TelephonyManager: java.lang.String getNetworkCountryIso()>
NETWORK_INFORMATION,S,<android.view.KeyEvent: int getRepeatCount()>
NETWORK_INFORMATION,S,<java.util.Locale: java.lang.String getLanguage()>
NETWORK_INFORMATION,S,<android.content.Intent: int getIntExtra(java.lang.String,int)>
NETWORK_INFORMATION,S,<java.net.HttpURLConnection: java.io.InputStream getErrorStream()>
NETWORK_INFORMATION,S,<java.io.File: java.lang.String getAbsolutePath()>
NETWORK_INFORMATION,S,<android.app.Dialog: android.content.Context getContext()>
NETWORK_INFORMATION,S,<android.text.method.SingleLineTransformationMethod: android.text.method.SingleLineTransformationMethod getInstance()>
NETWORK_INFORMATION,S,<java.util.HashMap: java.util.Set keySet()>
NETWORK_INFORMATION,S,<java.lang.Boolean: java.lang.String toString()>
NETWORK_INFORMATION,S,<android.app.Activity: java.lang.Object getSystemService(java.lang.String)>
NETWORK_INFORMATION,S,<android.content.ContextWrapper: java.io.File getFileStreamPath(java.lang.String)>
NETWORK_INFORMATION,S,<android.view.MotionEvent: float getX()>
NETWORK_INFORMATION,S,<android.content.Intent: long getLongExtra(java.lang.String,long)>
NETWORK_INFORMATION,S,<android.net.Uri: java.lang.String encode(java.lang.String)>
NETWORK_INFORMATION,S,<java.net.URLConnection: int getContentLength()>
NETWORK_INFORMATION,S,<java.util.zip.ZipEntry: java.lang.String getName()>
NETWORK_INFORMATION,S,<android.app.Activity: android.view.Window getWindow()>
NETWORK_INFORMATION,S,<java.util.HashSet: java.util.Iterator iterator()>
NETWORK_INFORMATION,S,<android.view.SurfaceView: android.view.SurfaceHolder getHolder()>
NETWORK_INFORMATION,S,<org.json.JSONArray: org.json.JSONObject getJSONObject(int)>
NETWORK_INFORMATION,S,<android.view.Display: int getHeight()>
NETWORK_INFORMATION,S,<java.io.InputStream: long skip(long)>
NETWORK_INFORMATION,S,<android.content.Intent: java.lang.String getStringExtra(java.lang.String)>
NETWORK_INFORMATION,S,<android.text.Layout: float getDesiredWidth(java.lang.CharSequence,android.text.TextPaint)>
NETWORK_INFORMATION,S,<android.database.sqlite.SQLiteOpenHelper: android.database.sqlite.SQLiteDatabase getWritableDatabase()>
NETWORK_INFORMATION,S,<java.util.concurrent.atomic.AtomicInteger: int get()>
NETWORK_INFORMATION,S,<android.util.SparseBooleanArray: android.util.SparseBooleanArray clone()>
NETWORK_INFORMATION,S,<java.lang.reflect.Array: java.lang.Object get(java.lang.Object,int)>
NETWORK_INFORMATION,S,<android.net.wifi.WifiManager: android.net.wifi.WifiInfo getConnectionInfo()>
NETWORK_INFORMATION,S,<java.lang.reflect.Field: int getModifiers()>
NETWORK_INFORMATION,S,<java.net.URL: java.lang.String getPath()>
NETWORK_INFORMATION,S,<java.util.AbstractMap: java.lang.String toString()>
NETWORK_INFORMATION,S,<android.webkit.WebSettings: java.lang.String getUserAgentString()>
NETWORK_INFORMATION,S,<android.graphics.Paint: android.graphics.Paint$FontMetricsInt getFontMetricsInt()>
NETWORK_INFORMATION,S,<java.net.URL: java.lang.String getRef()>
NETWORK_INFORMATION,S,<android.os.Message: android.os.Bundle getData()>
NETWORK_INFORMATION,S,<android.view.MotionEvent: int getPointerId(int)>
NETWORK_INFORMATION,S,<android.app.Activity: int getRequestedOrientation()>
NETWORK_INFORMATION,S,<java.util.logging.Logger: java.util.logging.Logger getLogger(java.lang.String)>
NETWORK_INFORMATION,S,<javax.crypto.Mac: byte[] doFinal(byte[])>
NETWORK_INFORMATION,S,<java.io.FileInputStream: java.io.FileDescriptor getFD()>
NETWORK_INFORMATION,S,<java.lang.Byte: byte byteValue()>
NETWORK_INFORMATION,S,<java.io.ByteArrayOutputStream: java.lang.String toString()>
NETWORK_INFORMATION,S,<java.nio.Buffer: java.nio.Buffer flip()>
NETWORK_INFORMATION,S,<android.database.sqlite.SQLiteOpenHelper: android.database.sqlite.SQLiteDatabase getReadableDatabase()>
NETWORK_INFORMATION,S,<android.widget.AdapterView: java.lang.Object getSelectedItem()>
NETWORK_INFORMATION,S,<org.apache.http.impl.client.BasicCookieStore: java.util.List getCookies()>
NETWORK_INFORMATION,S,<android.media.ExifInterface: int getAttributeInt(java.lang.String,int)>
NETWORK_INFORMATION,S,<java.lang.Class: java.io.InputStream getResourceAsStream(java.lang.String)>
NETWORK_INFORMATION,S,<java.lang.reflect.Method: int getModifiers()>
NETWORK_INFORMATION,S,<java.util.Locale: java.util.Locale getDefault()>
NETWORK_INFORMATION,S,<java.util.ArrayList: java.lang.Object clone()>
NETWORK_INFORMATION,S,<java.security.MessageDigest: java.security.MessageDigest getInstance(java.lang.String)>
NETWORK_INFORMATION,S,<java.net.URI: java.lang.String getHost()>
NETWORK_INFORMATION,S,<java.lang.Class: java.lang.Class[] getClasses()>
NETWORK_INFORMATION,S,<android.content.Intent: java.io.Serializable getSerializableExtra(java.lang.String)>
NETWORK_INFORMATION,S,<android.telephony.TelephonyManager: java.lang.String getLine1Number()>
NETWORK_INFORMATION,S,<java.lang.ThreadLocal: java.lang.Object get()>
NETWORK_INFORMATION,S,<java.util.concurrent.ConcurrentHashMap: java.util.Set entrySet()>
NETWORK_INFORMATION,S,<android.media.AudioManager: int getStreamMaxVolume(int)>
NETWORK_INFORMATION,S,<org.json.JSONObject: long getLong(java.lang.String)>
NETWORK_INFORMATION,S,<android.sax.Element: android.sax.Element getChild(java.lang.String,java.lang.String)>
NETWORK_INFORMATION,S,<android.view.animation.Animation: android.view.animation.Animation clone()>
NETWORK_INFORMATION,S,<android.view.View: android.content.Context getContext()>
NETWORK_INFORMATION,S,<java.net.NetworkInterface: java.util.Enumeration getInetAddresses()>
NETWORK_INFORMATION,S,<android.content.Intent: android.net.Uri getData()>
NETWORK_INFORMATION,S,<java.lang.System: java.util.Properties getProperties()>
NETWORK_INFORMATION,S,<javax.crypto.SecretKeyFactory: javax.crypto.SecretKeyFactory getInstance(java.lang.String)>
NETWORK_INFORMATION,S,<android.view.Display: int getWidth()>
NETWORK_INFORMATION,S,<org.json.JSONObject: java.util.Iterator keys()>
NETWORK_INFORMATION,S,<org.apache.http.conn.scheme.PlainSocketFactory: org.apache.http.conn.scheme.PlainSocketFactory getSocketFactory()>
NETWORK_INFORMATION,S,<java.util.LinkedList: java.lang.Object getLast()>
NETWORK_INFORMATION,S,<java.lang.Runtime: java.lang.Runtime getRuntime()>
NETWORK_INFORMATION,S,<java.lang.ref.Reference: java.lang.Object get()>
NETWORK_INFORMATION,S,<android.media.MediaPlayer: android.media.MediaPlayer create(android.content.Context,android.net.Uri)>
NETWORK_INFORMATION,S,<java.lang.Number: short shortValue()>
NETWORK_INFORMATION,S,<android.view.MotionEvent: int getAction()>
NETWORK_INFORMATION,S,<java.lang.Class: java.lang.reflect.Constructor[] getConstructors()>
NETWORK_INFORMATION,S,<java.io.ObjectInputStream: long readLong()>
NETWORK_INFORMATION,S,<android.content.res.Resources: java.lang.String getString(int)>
NETWORK_INFORMATION,S,<android.telephony.SmsMessage: java.lang.String getOriginatingAddress()>
NETWORK_INFORMATION,S,<android.app.PendingIntent: android.content.IntentSender getIntentSender()>
NETWORK_INFORMATION,S,<android.app.PendingIntent: android.app.PendingIntent getBroadcast(android.content.Context,int,android.content.Intent,int)>
NETWORK_INFORMATION,S,<android.provider.Settings$Secure: java.lang.String getString(android.content.ContentResolver,java.lang.String)>
NETWORK_INFORMATION,S,<java.net.HttpURLConnection: int getResponseCode()>
NETWORK_INFORMATION,S,<android.view.MotionEvent: float getY()>
NETWORK_INFORMATION,S,<android.hardware.SensorManager: android.hardware.Sensor getDefaultSensor(int)>
NETWORK_INFORMATION,S,<android.telephony.SmsMessage: java.lang.String getMessageBody()>
NETWORK_INFORMATION,S,<java.lang.Long: long longValue()>
NETWORK_INFORMATION,S,<java.lang.Double: double doubleValue()>
NETWORK_INFORMATION,S,<java.util.StringTokenizer: java.lang.Object nextElement()>
NETWORK_INFORMATION,S,<android.content.ContextWrapper: android.content.Context getApplicationContext()>
NETWORK_INFORMATION,S,<java.lang.Class: java.lang.Object newInstance()>
NETWORK_INFORMATION,S,<java.net.URI: int getPort()>
NETWORK_INFORMATION,S,<android.webkit.MimeTypeMap: android.webkit.MimeTypeMap getSingleton()>
NETWORK_INFORMATION,S,<javax.crypto.Cipher: javax.crypto.Cipher getInstance(java.lang.String)>
NETWORK_INFORMATION,S,<android.app.Activity: android.view.MenuInflater getMenuInflater()>
NETWORK_INFORMATION,S,<android.widget.ImageView: android.graphics.drawable.Drawable getDrawable()>
NETWORK_INFORMATION,S,<android.graphics.drawable.Drawable: int getIntrinsicWidth()>
NETWORK_INFORMATION,S,<java.util.concurrent.TimeUnit: long toSeconds(long)>
NETWORK_INFORMATION,S,<android.os.Environment: java.lang.String getExternalStorageState()>
NETWORK_INFORMATION,S,<java.lang.reflect.Constructor: java.lang.Class[] getParameterTypes()>
NETWORK_INFORMATION,S,<android.content.res.Resources: int getIdentifier(java.lang.String,java.lang.String,java.lang.String)>
NETWORK_INFORMATION,S,<android.content.Intent: boolean getBooleanExtra(java.lang.String,boolean)>
NETWORK_INFORMATION,S,<java.util.concurrent.ConcurrentHashMap: java.util.Set keySet()>
NETWORK_INFORMATION,S,<android.view.LayoutInflater: android.view.View inflate(int,android.view.ViewGroup)>
NETWORK_INFORMATION,S,<java.lang.reflect.Field: java.lang.String getName()>
NETWORK_INFORMATION,S,<java.lang.Class: java.lang.reflect.Field getField(java.lang.String)>
NETWORK_INFORMATION,S,<java.lang.Class: int getModifiers()>
NETWORK_INFORMATION,S,<java.io.File: java.io.File getParentFile()>
NETWORK_INFORMATION,S,<java.util.ArrayList: java.util.Iterator iterator()>
NETWORK_INFORMATION,S,<android.content.ContextWrapper: java.io.File getCacheDir()>
NETWORK_INFORMATION,S,<java.util.AbstractSequentialList: java.util.Iterator iterator()>
NETWORK_INFORMATION,S,<android.graphics.drawable.Drawable: android.graphics.drawable.Drawable createFromStream(java.io.InputStream,java.lang.String)>
NETWORK_INFORMATION,S,<org.json.JSONArray: java.lang.Object get(int)>
NETWORK_INFORMATION,S,<android.content.res.Resources: android.content.res.Configuration getConfiguration()>
NETWORK_INFORMATION,S,<android.content.BroadcastReceiver: int getResultCode()>
NETWORK_INFORMATION,S,<android.webkit.WebView: android.webkit.WebSettings getSettings()>
NETWORK_INFORMATION,S,<android.content.ContextWrapper: java.lang.String getPackageName()>
NETWORK_INFORMATION,S,<android.webkit.CookieSyncManager: android.webkit.CookieSyncManager getInstance()>
NETWORK_INFORMATION,S,<org.json.JSONObject: int getInt(java.lang.String)>
NETWORK_INFORMATION,S,<org.apache.commons.codec.binary.Base64: byte[] encode(byte[])>
NETWORK_INFORMATION,S,<android.content.ContentResolver: android.database.Cursor query(android.net.Uri,java.lang.String[],java.lang.String,java.lang.String[],java.lang.String)>
NETWORK_INFORMATION,S,<android.os.HandlerThread: android.os.Looper getLooper()>
NETWORK_INFORMATION,S,<android.net.Uri: android.net.Uri parse(java.lang.String)>
NETWORK_INFORMATION,S,<java.lang.Class: java.lang.String getSimpleName()>
NETWORK_INFORMATION,S,<java.util.StringTokenizer: java.lang.String nextToken()>
NETWORK_INFORMATION,S,<java.net.Socket: java.net.InetAddress getLocalAddress()>
NETWORK_INFORMATION,S,<android.view.View: int getVisibility()>
NETWORK_INFORMATION,S,<java.lang.Long: java.lang.String toString()>
NETWORK_INFORMATION,S,<android.os.Bundle: android.os.Parcelable getParcelable(java.lang.String)>
NETWORK_INFORMATION,S,<java.lang.reflect.Constructor: java.lang.Class getDeclaringClass()>
NETWORK_INFORMATION,S,<android.database.sqlite.SQLiteDatabase: int getVersion()>
NETWORK_INFORMATION,S,<android.app.AlertDialog$Builder: android.app.AlertDialog show()>
NETWORK_INFORMATION,S,<android.content.ContextWrapper: android.content.ContentResolver getContentResolver()>
NETWORK_INFORMATION,S,<android.telephony.TelephonyManager: java.lang.String getNetworkOperator()>
NETWORK_INFORMATION,S,<java.lang.Thread: java.lang.ClassLoader getContextClassLoader()>
NETWORK_INFORMATION,S,<java.security.MessageDigest: byte[] digest(byte[])>
NETWORK_INFORMATION,S,<android.widget.Toast: android.widget.Toast makeText(android.content.Context,java.lang.CharSequence,int)>
NETWORK_INFORMATION,S,<java.util.concurrent.atomic.AtomicLong: long get()>
NETWORK_INFORMATION,S,<java.text.NumberFormat: java.lang.String format(double)>
NETWORK_INFORMATION,S,<java.util.ArrayList: java.lang.Object get(int)>
NETWORK_INFORMATION,S,<java.io.StringWriter: java.lang.String toString()>
NETWORK_INFORMATION,S,<java.lang.Throwable: java.lang.String getLocalizedMessage()>
NETWORK_INFORMATION,S,<java.util.AbstractCollection: java.lang.Object[] toArray(java.lang.Object[])>
NETWORK_INFORMATION,S,<java.net.URL: java.lang.String getProtocol()>
NETWORK_INFORMATION,S,<java.net.HttpURLConnection: java.lang.String getResponseMessage()>
NETWORK_INFORMATION,S,<android.widget.TextView: int getInputType()>
NETWORK_INFORMATION,S,<java.nio.charset.Charset: java.nio.charset.Charset forName(java.lang.String)>
NETWORK_INFORMATION,S,<android.telephony.TelephonyManager: java.lang.String getSimOperatorName()>
NETWORK_INFORMATION,S,<java.lang.reflect.Method: java.lang.Class getReturnType()>
NETWORK_INFORMATION,S,<android.content.Intent: int getFlags()>
NETWORK_INFORMATION,S,<android.content.Intent: android.os.Bundle getExtras()>
NETWORK_INFORMATION,S,<java.security.MessageDigest: byte[] digest()>
NETWORK_INFORMATION,S,<java.net.URLConnection: java.io.InputStream getInputStream()>
NETWORK_INFORMATION,S,<android.view.MotionEvent: float getX(int)>
NETWORK_INFORMATION,S,<java.util.Hashtable: java.lang.Object get(java.lang.Object)>
NETWORK_INFORMATION,S,<android.app.AlertDialog$Builder: android.app.AlertDialog create()>
NETWORK_INFORMATION,S,<java.security.MessageDigest: int getDigestLength()>
NETWORK_INFORMATION,S,<android.content.Context: java.lang.CharSequence getText(int)>
NETWORK_INFORMATION,S,<android.content.ContextWrapper: android.content.pm.ApplicationInfo getApplicationInfo()>
NETWORK_INFORMATION,S,<java.lang.reflect.Field: java.lang.Class getType()>
NETWORK_INFORMATION,S,<java.net.NetworkInterface: java.util.Enumeration getNetworkInterfaces()>
NETWORK_INFORMATION,S,<java.util.Locale: java.lang.String getDisplayLanguage()>
NETWORK_INFORMATION,S,<android.webkit.WebHistoryItem: android.webkit.WebHistoryItem clone()>
NETWORK_INFORMATION,S,<android.view.MotionEvent: long getEventTime()>
NETWORK_INFORMATION,S,<java.lang.String: byte[] getBytes(java.lang.String)>
NETWORK_INFORMATION,S,<java.lang.reflect.Array: java.lang.Object newInstance(java.lang.Class,int[])>
NETWORK_INFORMATION,S,<java.util.TimeZone: java.util.TimeZone getTimeZone(java.lang.String)>
NETWORK_INFORMATION,S,<java.util.Properties: java.lang.String getProperty(java.lang.String)>
NETWORK_INFORMATION,S,<java.lang.StackTraceElement: java.lang.String toString()>
NETWORK_INFORMATION,S,<java.lang.Class: java.lang.String getName()>
NETWORK_INFORMATION,S,<android.os.Bundle: byte[] getByteArray(java.lang.String)>
NETWORK_INFORMATION,S,<android.graphics.Bitmap: android.graphics.Bitmap createBitmap(int[],int,int,android.graphics.Bitmap$Config)>
NETWORK_INFORMATION,S,<java.util.Locale: java.lang.String getCountry()>
NETWORK_INFORMATION,S,<android.widget.TextView: float getTextSize()>
NETWORK_INFORMATION,S,<android.sax.Element: android.sax.Element getChild(java.lang.String)>
NETWORK_INFORMATION,S,<android.text.StaticLayout: int getLineCount()>
NETWORK_INFORMATION,S,<android.telephony.TelephonyManager: java.lang.String getSimSerialNumber()>
NETWORK_INFORMATION,S,<android.webkit.MimeTypeMap: java.lang.String getMimeTypeFromExtension(java.lang.String)>
NETWORK_INFORMATION,S,<java.lang.Class: java.lang.reflect.Method[] getMethods()>
NETWORK_INFORMATION,S,<android.net.NetworkInfo: java.lang.String getTypeName()>
NETWORK_INFORMATION,S,<java.text.DateFormat: java.util.Date parse(java.lang.String)>
NETWORK_INFORMATION,S,<javax.microedition.khronos.egl.EGLContext: javax.microedition.khronos.egl.EGL getEGL()>
NETWORK_INFORMATION,S,<android.webkit.WebBackForwardList: android.webkit.WebBackForwardList clone()>
LOCATION_INFORMATION,S,<android.location.Location: float getAccuracy()>
LOCATION_INFORMATION,S,<android.location.Location: float getBearing()>
LOCATION_INFORMATION,S,<android.location.Location: double getLatitude()>
LOCATION_INFORMATION,S,<android.location.LocationManager: android.location.Location getLastKnownLocation(java.lang.String)>
LOCATION_INFORMATION,S,<android.telephony.TelephonyManager: int getNetworkType()>
LOCATION_INFORMATION,S,<android.location.LocationManager: java.lang.String getBestProvider(android.location.Criteria,boolean)>
LOCATION_INFORMATION,S,<android.location.Location: double getLongitude()>
LOCATION_INFORMATION,S,<android.location.Location: java.lang.String getProvider()>
LOCATION_INFORMATION,S,<android.location.LocationManager: boolean isProviderEnabled(java.lang.String)>
LOCATION_INFORMATION,S,<android.location.Location: double getAltitude()>
LOCATION_INFORMATION,S,<android.location.Location: float getSpeed()>
LOCATION_INFORMATION,S,<android.location.Location: long getTime()>
SYSTEM_SETTINGS,S,<org.apache.http.conn.ssl.SSLSocketFactory: org.apache.http.conn.ssl.SSLSocketFactory getSocketFactory()>
SYSTEM_SETTINGS,S,<java.lang.ClassLoader: java.lang.Class loadClass(java.lang.String)>
