categoty,analysis,method
LOCATION_INFORMATION,D,<android.telephony.TelephonyManager: android.telephony.CellLocation getCellLocation()>
LOCATION_INFORMATION,D,<android.telephony.TelephonyManager: int getNetworkType()>
LOCATION_INFORMATION,D,<android.location.LocationManager: boolean isProviderEnabled(java.lang.String)>
LOCATION_INFORMATION,D,<android.telephony.TelephonyManager: java.util.List getNeighboringCellInfo()>
NETWORK_INFORMATION,S,<java.security.Signature: java.security.Signature getInstance(java.lang.String)>
NETWORK_INFORMATION,S,<android.content.ContextWrapper: android.content.res.AssetManager getAssets()>
NETWORK_INFORMATION,S,<java.io.InputStream: long skip(long)>
NETWORK_INFORMATION,S,<org.json.JSONObject: int getInt(java.lang.String)>
NETWORK_INFORMATION,S,<android.content.Intent: java.lang.String getStringExtra(java.lang.String)>
NETWORK_INFORMATION,S,<android.util.SparseArray: android.util.SparseArray clone()>
NETWORK_INFORMATION,S,<java.io.ByteArrayOutputStream: byte[] toByteArray()>
NETWORK_INFORMATION,S,<android.view.MotionEvent: int getPointerCount()>
NETWORK_INFORMATION,S,<android.util.SparseBooleanArray: android.util.SparseBooleanArray clone()>
NETWORK_INFORMATION,S,<android.net.Uri: android.net.Uri parse(java.lang.String)>
NETWORK_INFORMATION,S,<android.view.KeyEvent: int getAction()>
NETWORK_INFORMATION,S,<android.view.MotionEvent: int getPointerId(int)>
NETWORK_INFORMATION,S,<android.os.Bundle: android.os.Parcelable getParcelable(java.lang.String)>
NETWORK_INFORMATION,S,<android.app.AlertDialog$Builder: android.app.AlertDialog show()>
NETWORK_INFORMATION,S,<android.content.ContextWrapper: android.content.ContentResolver getContentResolver()>
NETWORK_INFORMATION,S,<android.telephony.TelephonyManager: java.lang.String getDeviceId()>
NETWORK_INFORMATION,S,<android.app.Notification: android.app.Notification clone()>
NETWORK_INFORMATION,S,<java.lang.Object: java.lang.Object clone()>
NETWORK_INFORMATION,S,<android.view.KeyEvent: int getUnicodeChar()>
NETWORK_INFORMATION,S,<android.app.ActivityManager: void getMemoryInfo(android.app.ActivityManager$MemoryInfo)>
NETWORK_INFORMATION,S,<java.lang.Class: java.lang.reflect.Method getMethod(java.lang.String,java.lang.Class[])>
NETWORK_INFORMATION,S,<android.widget.RemoteViews: android.widget.RemoteViews clone()>
NETWORK_INFORMATION,S,<android.view.Display: int getOrientation()>
NETWORK_INFORMATION,S,<android.content.ContextWrapper: android.content.Intent registerReceiver(android.content.BroadcastReceiver,android.content.IntentFilter)>
NETWORK_INFORMATION,S,<android.net.ConnectivityManager: android.net.NetworkInfo getNetworkInfo(int)>
NETWORK_INFORMATION,S,<android.os.StatFs: int getBlockSize()>
NETWORK_INFORMATION,S,<org.json.JSONObject: java.lang.String getString(java.lang.String)>
NETWORK_INFORMATION,S,<android.os.StatFs: int getAvailableBlocks()>
NETWORK_INFORMATION,S,<java.net.URLConnection: java.lang.String getHeaderField(java.lang.String)>
NETWORK_INFORMATION,S,<android.app.Activity: android.content.Intent getIntent()>
NETWORK_INFORMATION,S,<android.os.Bundle: long getLong(java.lang.String,long)>
NETWORK_INFORMATION,S,<java.util.Random: long nextLong()>
NETWORK_INFORMATION,S,<java.lang.String: byte[] getBytes()>
NETWORK_INFORMATION,S,<java.io.File: java.lang.String getPath()>
NETWORK_INFORMATION,S,<java.security.KeyFactory: java.security.KeyFactory getInstance(java.lang.String)>
NETWORK_INFORMATION,S,<java.io.Writer: java.io.Writer append(java.lang.CharSequence,int,int)>
NETWORK_INFORMATION,S,<android.app.Activity: android.view.WindowManager getWindowManager()>
NETWORK_INFORMATION,S,<android.media.AudioManager: int getStreamMaxVolume(int)>
NETWORK_INFORMATION,S,<org.json.JSONObject: long getLong(java.lang.String)>
NETWORK_INFORMATION,S,<android.view.animation.Animation: android.view.animation.Animation clone()>
NETWORK_INFORMATION,S,<java.net.URLConnection: java.io.InputStream getInputStream()>
NETWORK_INFORMATION,S,<android.telephony.TelephonyManager: java.lang.String getSubscriberId()>
NETWORK_INFORMATION,S,<android.view.MotionEvent: float getX(int)>
NETWORK_INFORMATION,S,<android.content.ContextWrapper: android.content.pm.ApplicationInfo getApplicationInfo()>
NETWORK_INFORMATION,S,<android.hardware.Sensor: int getType()>
NETWORK_INFORMATION,S,<android.os.Environment: java.io.File getDataDirectory()>
NETWORK_INFORMATION,S,<java.util.LinkedList: java.lang.Object remove()>
NETWORK_INFORMATION,S,<android.graphics.Bitmap: int getHeight()>
NETWORK_INFORMATION,S,<android.net.NetworkInfo: android.net.NetworkInfo$State getState()>
NETWORK_INFORMATION,S,<android.content.ContextWrapper: android.content.Context getBaseContext()>
NETWORK_INFORMATION,S,<java.net.URLConnection: java.io.OutputStream getOutputStream()>
NETWORK_INFORMATION,S,<android.view.MotionEvent: int getAction()>
NETWORK_INFORMATION,S,<android.os.StatFs: int getBlockCount()>
NETWORK_INFORMATION,S,<android.app.PendingIntent: android.content.IntentSender getIntentSender()>
NETWORK_INFORMATION,S,<java.net.HttpURLConnection: int getResponseCode()>
NETWORK_INFORMATION,S,<android.os.Environment: java.io.File getExternalStorageDirectory()>
NETWORK_INFORMATION,S,<android.provider.Settings$Secure: java.lang.String getString(android.content.ContentResolver,java.lang.String)>
NETWORK_INFORMATION,S,<android.content.Intent: java.lang.String getAction()>
NETWORK_INFORMATION,S,<java.lang.StringBuilder: java.lang.String toString()>
NETWORK_INFORMATION,S,<android.graphics.Bitmap: int getWidth()>
NETWORK_INFORMATION,S,<android.hardware.SensorManager: android.hardware.Sensor getDefaultSensor(int)>
NETWORK_INFORMATION,S,<android.view.MotionEvent: float getY(int)>
NETWORK_INFORMATION,S,<android.view.MotionEvent: float getY()>
NETWORK_INFORMATION,S,<java.lang.Throwable: java.lang.String getMessage()>
NETWORK_INFORMATION,S,<android.view.MotionEvent: float getSize(int)>
NETWORK_INFORMATION,S,<java.lang.Enum: java.lang.String toString()>
NETWORK_INFORMATION,S,<android.animation.Animator: android.animation.Animator clone()>
NETWORK_INFORMATION,S,<android.widget.EditText: android.text.Editable getText()>
NETWORK_INFORMATION,S,<android.content.ContextWrapper: android.content.pm.PackageManager getPackageManager()>
NETWORK_INFORMATION,S,<android.os.Environment: java.lang.String getExternalStorageState()>
NETWORK_INFORMATION,S,<android.content.ComponentName: android.content.ComponentName clone()>
NETWORK_INFORMATION,S,<android.content.Intent: java.lang.String[] getStringArrayExtra(java.lang.String)>
NETWORK_INFORMATION,S,<android.telephony.TelephonyManager: java.lang.String getSimSerialNumber()>
NETWORK_INFORMATION,S,<android.content.Intent: int getIntExtra(java.lang.String,int)>
NETWORK_INFORMATION,S,<android.content.res.Resources: int getIdentifier(java.lang.String,java.lang.String,java.lang.String)>
NETWORK_INFORMATION,S,<android.os.Bundle: int getInt(java.lang.String)>
NETWORK_INFORMATION,S,<java.io.File: java.lang.String getAbsolutePath()>
NETWORK_INFORMATION,S,<java.util.HashMap: java.lang.Object get(java.lang.Object)>
NETWORK_INFORMATION,S,<android.content.ContextWrapper: java.lang.ClassLoader getClassLoader()>
NETWORK_INFORMATION,S,<android.view.MotionEvent: float getPressure(int)>
NETWORK_INFORMATION,S,<android.app.Activity: java.lang.Object getSystemService(java.lang.String)>
NETWORK_INFORMATION,S,<java.util.ArrayList: java.util.Iterator iterator()>
NETWORK_INFORMATION,S,<android.view.MotionEvent: float getX()>
NETWORK_INFORMATION,S,<java.lang.Class: java.lang.reflect.Constructor getConstructor(java.lang.Class[])>
NETWORK_INFORMATION,S,<android.content.Intent: long getLongExtra(java.lang.String,long)>
NETWORK_INFORMATION,S,<javax.microedition.khronos.egl.EGLContext: javax.microedition.khronos.egl.EGL getEGL()>
NETWORK_INFORMATION,S,<android.app.Activity: android.view.Window getWindow()>
NETWORK_INFORMATION,S,<java.util.LinkedList: java.lang.Object peek()>
NETWORK_INFORMATION,S,<android.content.ContextWrapper: java.lang.String getPackageName()>
NETWORK_INFORMATION,S,<android.view.SurfaceView: android.view.SurfaceHolder getHolder()>
NETWORK_INFORMATION,S,<org.json.JSONArray: org.json.JSONObject getJSONObject(int)>
NETWORK_INFORMATION,D,<android.content.pm.Signature: byte[] toByteArray()>
NETWORK_INFORMATION,D,<android.content.ContextWrapper: android.content.res.AssetManager getAssets()>
NETWORK_INFORMATION,D,<android.content.ContextWrapper: android.content.SharedPreferences getSharedPreferences(java.lang.String,int)>
NETWORK_INFORMATION,D,<android.database.sqlite.SQLiteOpenHelper: android.database.sqlite.SQLiteDatabase getWritableDatabase()>
NETWORK_INFORMATION,D,<java.lang.System: java.lang.SecurityManager getSecurityManager()>
NETWORK_INFORMATION,D,<android.os.HandlerThread: android.os.Looper getLooper()>
NETWORK_INFORMATION,D,<android.net.wifi.WifiManager: android.net.wifi.WifiInfo getConnectionInfo()>
NETWORK_INFORMATION,D,<java.lang.Class: java.lang.reflect.Field getDeclaredField(java.lang.String)>
NETWORK_INFORMATION,D,<java.lang.Class: java.lang.String getSimpleName()>
NETWORK_INFORMATION,D,<java.text.DateFormat: java.lang.String format(java.util.Date)>
NETWORK_INFORMATION,D,<java.util.Scanner: java.lang.Object next()>
NETWORK_INFORMATION,D,<org.json.JSONObject: org.json.JSONObject getJSONObject(java.lang.String)>
NETWORK_INFORMATION,D,<android.os.Message: android.os.Bundle getData()>
NETWORK_INFORMATION,D,<android.os.Bundle: android.os.Parcelable getParcelable(java.lang.String)>
NETWORK_INFORMATION,D,<android.content.ContextWrapper: android.content.ContentResolver getContentResolver()>
NETWORK_INFORMATION,D,<android.telephony.TelephonyManager: java.lang.String getDeviceId()>
NETWORK_INFORMATION,D,<android.os.Messenger: android.os.IBinder getBinder()>
NETWORK_INFORMATION,D,<java.security.MessageDigest: byte[] digest(byte[])>
NETWORK_INFORMATION,D,<java.lang.reflect.Field: java.lang.Object get(java.lang.Object)>
NETWORK_INFORMATION,D,<android.content.Intent: java.lang.String getScheme()>
NETWORK_INFORMATION,D,<java.lang.Class: java.lang.ClassLoader getClassLoader()>
NETWORK_INFORMATION,D,<android.content.ContextWrapper: android.content.Intent registerReceiver(android.content.BroadcastReceiver,android.content.IntentFilter)>
NETWORK_INFORMATION,D,<java.util.ArrayList: java.lang.Object get(int)>
NETWORK_INFORMATION,D,<org.json.JSONObject: java.lang.String getString(java.lang.String)>
NETWORK_INFORMATION,D,<java.security.cert.CertificateFactory: java.security.cert.CertificateFactory getInstance(java.lang.String)>
NETWORK_INFORMATION,D,<android.os.Bundle: java.lang.String getString(java.lang.String)>
NETWORK_INFORMATION,D,<java.security.MessageDigest: java.security.MessageDigest getInstance(java.lang.String)>
NETWORK_INFORMATION,D,<java.lang.String: byte[] getBytes()>
NETWORK_INFORMATION,D,<java.io.File: java.lang.String getPath()>
NETWORK_INFORMATION,D,<android.net.ConnectivityManager: android.net.NetworkInfo getActiveNetworkInfo()>
NETWORK_INFORMATION,D,<java.lang.Class: java.lang.reflect.Field[] getDeclaredFields()>
NETWORK_INFORMATION,D,<java.security.KeyFactory: java.security.KeyFactory getInstance(java.lang.String)>
NETWORK_INFORMATION,D,<android.content.Intent: android.os.Bundle getExtras()>
NETWORK_INFORMATION,D,<java.util.HashMap: java.util.Set entrySet()>
NETWORK_INFORMATION,D,<android.content.Intent: java.lang.String getDataString()>
NETWORK_INFORMATION,D,<android.telephony.TelephonyManager: java.lang.String getSubscriberId()>
NETWORK_INFORMATION,D,<android.database.sqlite.SQLiteDatabase: android.database.Cursor rawQuery(java.lang.String,java.lang.String[])>
NETWORK_INFORMATION,D,<android.net.wifi.WifiInfo: java.lang.String getMacAddress()>
NETWORK_INFORMATION,D,<android.content.Intent: android.net.Uri getData()>
NETWORK_INFORMATION,D,<android.view.Display: int getWidth()>
NETWORK_INFORMATION,D,<java.lang.String: byte[] getBytes(java.lang.String)>
NETWORK_INFORMATION,D,<javax.crypto.Cipher: byte[] doFinal(byte[])>
NETWORK_INFORMATION,D,<android.net.NetworkInfo: android.net.NetworkInfo$State getState()>
NETWORK_INFORMATION,D,<java.lang.String: java.lang.String trim()>
NETWORK_INFORMATION,D,<java.lang.Runtime: java.lang.Runtime getRuntime()>
NETWORK_INFORMATION,D,<java.util.concurrent.atomic.AtomicInteger: int getAndIncrement()>
NETWORK_INFORMATION,D,<java.lang.Class: java.lang.String getName()>
NETWORK_INFORMATION,D,<org.apache.http.impl.client.AbstractHttpClient: org.apache.http.params.HttpParams getParams()>
NETWORK_INFORMATION,D,<android.app.PendingIntent: android.app.PendingIntent getBroadcast(android.content.Context,int,android.content.Intent,int)>
NETWORK_INFORMATION,D,<android.os.Environment: java.io.File getExternalStorageDirectory()>
NETWORK_INFORMATION,D,<android.provider.Settings$Secure: java.lang.String getString(android.content.ContentResolver,java.lang.String)>
NETWORK_INFORMATION,D,<java.lang.Thread: java.lang.ThreadGroup getThreadGroup()>
NETWORK_INFORMATION,D,<android.content.Intent: java.lang.String getAction()>
NETWORK_INFORMATION,D,<java.lang.StringBuilder: java.lang.String toString()>
NETWORK_INFORMATION,D,<android.hardware.SensorManager: android.hardware.Sensor getDefaultSensor(int)>
NETWORK_INFORMATION,D,<android.content.ContextWrapper: android.content.Context getApplicationContext()>
NETWORK_INFORMATION,D,<android.net.wifi.WifiManager: java.util.List getScanResults()>
NETWORK_INFORMATION,D,<java.lang.Class: java.lang.annotation.Annotation getAnnotation(java.lang.Class)>
NETWORK_INFORMATION,D,<java.lang.Thread: java.lang.Thread$UncaughtExceptionHandler getDefaultUncaughtExceptionHandler()>
NETWORK_INFORMATION,D,<java.lang.StringBuffer: java.lang.StringBuffer reverse()>
NETWORK_INFORMATION,D,<javax.crypto.Cipher: javax.crypto.Cipher getInstance(java.lang.String)>
NETWORK_INFORMATION,D,<android.content.ContextWrapper: android.content.pm.PackageManager getPackageManager()>
NETWORK_INFORMATION,D,<android.provider.Settings$System: java.lang.String getString(android.content.ContentResolver,java.lang.String)>
NETWORK_INFORMATION,D,<android.app.ActivityManager: java.util.List getRunningAppProcesses()>
NETWORK_INFORMATION,D,<java.io.File: java.io.File[] listFiles()>
NETWORK_INFORMATION,D,<android.os.Environment: java.lang.String getExternalStorageState()>
NETWORK_INFORMATION,D,<java.lang.StringBuffer: java.lang.String toString()>
NETWORK_INFORMATION,D,<java.util.concurrent.locks.ReentrantLock: java.util.concurrent.locks.Condition newCondition()>
NETWORK_INFORMATION,D,<android.content.ContextWrapper: android.content.res.Resources getResources()>
NETWORK_INFORMATION,D,<android.content.Intent: int getIntExtra(java.lang.String,int)>
NETWORK_INFORMATION,D,<android.os.Bundle: boolean getBoolean(java.lang.String)>
NETWORK_INFORMATION,D,<android.content.ContextWrapper: java.lang.Object getSystemService(java.lang.String)>
NETWORK_INFORMATION,D,<android.content.Intent: boolean getBooleanExtra(java.lang.String,boolean)>
NETWORK_INFORMATION,D,<android.os.Bundle: int getInt(java.lang.String)>
NETWORK_INFORMATION,D,<java.util.HashMap: java.lang.Object get(java.lang.Object)>
NETWORK_INFORMATION,D,<java.io.File: java.lang.String getAbsolutePath()>
NETWORK_INFORMATION,D,<android.content.Intent: android.os.Parcelable getParcelableExtra(java.lang.String)>
NETWORK_INFORMATION,D,<android.content.ContextWrapper: java.io.File getFilesDir()>
NETWORK_INFORMATION,D,<java.util.AbstractList: java.util.Iterator iterator()>
NETWORK_INFORMATION,D,<android.app.Activity: java.lang.Object getSystemService(java.lang.String)>
NETWORK_INFORMATION,D,<java.util.ArrayList: java.util.Iterator iterator()>
NETWORK_INFORMATION,D,<android.net.ConnectivityManager: android.net.NetworkInfo[] getAllNetworkInfo()>
NETWORK_INFORMATION,D,<java.lang.String: char[] toCharArray()>
NETWORK_INFORMATION,D,<android.util.SparseArray: java.lang.Object get(int)>
NETWORK_INFORMATION,D,<android.content.ContextWrapper: java.io.File getCacheDir()>
NETWORK_INFORMATION,D,<java.util.HashSet: java.util.Iterator iterator()>
NETWORK_INFORMATION,D,<android.content.ContextWrapper: java.lang.String getPackageName()>
NETWORK_INFORMATION,D,<java.security.Provider: java.lang.Object put(java.lang.Object,java.lang.Object)>
NETWORK_INFORMATION,D,<android.os.Looper: android.os.Looper getMainLooper()>
NETWORK_INFORMATION,D,<android.view.Display: int getHeight()>
ACCOUNT_INFORMATION,S,<android.accounts.AccountManager: android.accounts.Account[] getAccountsByType(java.lang.String)>
ACCOUNT_INFORMATION,S,<android.accounts.AccountManager: android.accounts.AccountManager get(android.content.Context)>
CALENDAR_INFORMATION,D,<java.util.Calendar: java.util.Calendar getInstance()>
CALENDAR_INFORMATION,D,<java.util.Calendar: int get(int)>
SYSTEM_SETTINGS,S,<java.lang.ClassLoader: java.lang.Class loadClass(java.lang.String)>
