categoty,analysis,method
NETWORK_INFORMATION,S,<android.view.View: int getWidth()>
NETWORK_INFORMATION,S,<android.content.Intent: java.lang.String getStringExtra(java.lang.String)>
NETWORK_INFORMATION,S,<android.database.sqlite.SQLiteOpenHelper: android.database.sqlite.SQLiteDatabase getWritableDatabase()>
NETWORK_INFORMATION,S,<android.util.SparseArray: android.util.SparseArray clone()>
NETWORK_INFORMATION,S,<java.io.ByteArrayOutputStream: byte[] toByteArray()>
NETWORK_INFORMATION,S,<android.util.SparseBooleanArray: android.util.SparseBooleanArray clone()>
NETWORK_INFORMATION,S,<android.net.wifi.WifiManager: android.net.wifi.WifiInfo getConnectionInfo()>
NETWORK_INFORMATION,S,<java.lang.Class: java.lang.reflect.Field getDeclaredField(java.lang.String)>
NETWORK_INFORMATION,S,<org.apache.http.util.EncodingUtils: java.lang.String getString(byte[],java.lang.String)>
NETWORK_INFORMATION,S,<java.lang.Object: java.lang.Object clone()>
NETWORK_INFORMATION,S,<android.telephony.SmsManager: java.util.ArrayList divideMessage(java.lang.String)>
NETWORK_INFORMATION,S,<java.lang.Class: java.lang.reflect.Method getMethod(java.lang.String,java.lang.Class[])>
NETWORK_INFORMATION,S,<javax.crypto.Cipher: int getBlockSize()>
NETWORK_INFORMATION,S,<java.io.ByteArrayOutputStream: java.lang.String toString()>
NETWORK_INFORMATION,S,<android.net.ConnectivityManager: android.net.NetworkInfo getNetworkInfo(int)>
NETWORK_INFORMATION,S,<android.graphics.Bitmap: android.graphics.Bitmap createBitmap(android.graphics.Bitmap,int,int,int,int)>
NETWORK_INFORMATION,S,<android.database.sqlite.SQLiteOpenHelper: android.database.sqlite.SQLiteDatabase getReadableDatabase()>
NETWORK_INFORMATION,S,<java.security.MessageDigest: java.security.MessageDigest getInstance(java.lang.String)>
NETWORK_INFORMATION,S,<java.lang.String: byte[] getBytes()>
NETWORK_INFORMATION,S,<java.io.File: java.lang.String getPath()>
NETWORK_INFORMATION,S,<android.telephony.TelephonyManager: java.lang.String getLine1Number()>
NETWORK_INFORMATION,S,<android.view.animation.Animation: android.view.animation.Animation clone()>
NETWORK_INFORMATION,S,<android.view.View: int getHeight()>
NETWORK_INFORMATION,S,<android.net.wifi.WifiInfo: java.lang.String getMacAddress()>
NETWORK_INFORMATION,S,<android.webkit.WebView: int getProgress()>
NETWORK_INFORMATION,S,<android.telephony.TelephonyManager: java.lang.String getSimOperator()>
NETWORK_INFORMATION,S,<android.telephony.SmsManager: android.telephony.SmsManager getDefault()>
NETWORK_INFORMATION,S,<java.lang.String: java.lang.String trim()>
NETWORK_INFORMATION,S,<java.lang.Runtime: java.lang.Runtime getRuntime()>
NETWORK_INFORMATION,S,<java.net.URLConnection: java.io.OutputStream getOutputStream()>
NETWORK_INFORMATION,S,<android.view.MotionEvent: int getAction()>
NETWORK_INFORMATION,S,<android.app.PendingIntent: android.app.PendingIntent getBroadcast(android.content.Context,int,android.content.Intent,int)>
NETWORK_INFORMATION,S,<android.content.Intent: java.lang.String getAction()>
NETWORK_INFORMATION,S,<android.view.MotionEvent: float getY()>
NETWORK_INFORMATION,S,<java.lang.Float: float floatValue()>
NETWORK_INFORMATION,S,<java.lang.Double: double doubleValue()>
NETWORK_INFORMATION,S,<android.content.ContextWrapper: android.content.Context getApplicationContext()>
NETWORK_INFORMATION,S,<javax.crypto.Cipher: javax.crypto.Cipher getInstance(java.lang.String)>
NETWORK_INFORMATION,S,<android.content.ContextWrapper: android.content.pm.PackageManager getPackageManager()>
NETWORK_INFORMATION,S,<android.content.res.Resources: android.util.DisplayMetrics getDisplayMetrics()>
NETWORK_INFORMATION,S,<android.os.Environment: java.lang.String getExternalStorageState()>
NETWORK_INFORMATION,S,<java.lang.StringBuffer: java.lang.String toString()>
NETWORK_INFORMATION,S,<org.json.JSONStringer: org.json.JSONStringer object()>
NETWORK_INFORMATION,S,<android.content.ComponentName: android.content.ComponentName clone()>
NETWORK_INFORMATION,S,<android.content.res.Resources: int getIdentifier(java.lang.String,java.lang.String,java.lang.String)>
NETWORK_INFORMATION,S,<java.util.HashMap: java.lang.Object get(java.lang.Object)>
NETWORK_INFORMATION,S,<android.content.ContextWrapper: java.lang.ClassLoader getClassLoader()>
NETWORK_INFORMATION,S,<java.util.ArrayList: java.util.Iterator iterator()>
NETWORK_INFORMATION,S,<android.graphics.Bitmap: android.graphics.Bitmap createBitmap(int,int,android.graphics.Bitmap$Config)>
NETWORK_INFORMATION,S,<android.view.KeyEvent: int getKeyCode()>
NETWORK_INFORMATION,S,<android.content.ContextWrapper: java.lang.String getPackageName()>
NETWORK_INFORMATION,S,<android.webkit.WebView: android.webkit.WebSettings getSettings()>
NETWORK_INFORMATION,S,<android.view.MotionEvent: int getPointerCount()>
NETWORK_INFORMATION,S,<android.net.Uri: android.net.Uri parse(java.lang.String)>
NETWORK_INFORMATION,S,<android.view.ContextThemeWrapper: android.content.res.Resources getResources()>
NETWORK_INFORMATION,S,<java.lang.String: java.lang.String toString()>
NETWORK_INFORMATION,S,<java.text.DateFormat: java.lang.String format(java.util.Date)>
NETWORK_INFORMATION,S,<android.app.AlertDialog$Builder: android.app.AlertDialog show()>
NETWORK_INFORMATION,S,<android.telephony.TelephonyManager: java.lang.String getDeviceId()>
NETWORK_INFORMATION,S,<android.net.NetworkInfo: int getType()>
NETWORK_INFORMATION,S,<android.widget.Toast: android.widget.Toast makeText(android.content.Context,java.lang.CharSequence,int)>
NETWORK_INFORMATION,S,<java.lang.reflect.Field: java.lang.Object get(java.lang.Object)>
NETWORK_INFORMATION,S,<java.util.ArrayList: java.lang.Object get(int)>
NETWORK_INFORMATION,S,<org.json.JSONObject: java.lang.String getString(java.lang.String)>
NETWORK_INFORMATION,S,<android.app.Activity: android.content.Intent getIntent()>
NETWORK_INFORMATION,S,<android.net.ConnectivityManager: android.net.NetworkInfo getActiveNetworkInfo()>
NETWORK_INFORMATION,S,<android.media.AudioManager: int getStreamVolume(int)>
NETWORK_INFORMATION,S,<java.io.Writer: java.io.Writer append(java.lang.CharSequence,int,int)>
NETWORK_INFORMATION,S,<java.security.MessageDigest: byte[] digest()>
NETWORK_INFORMATION,S,<android.telephony.TelephonyManager: java.lang.String getSubscriberId()>
NETWORK_INFORMATION,S,<java.net.URLConnection: java.io.InputStream getInputStream()>
NETWORK_INFORMATION,S,<android.content.ContextWrapper: android.content.pm.ApplicationInfo getApplicationInfo()>
NETWORK_INFORMATION,S,<android.webkit.WebHistoryItem: android.webkit.WebHistoryItem clone()>
NETWORK_INFORMATION,S,<android.graphics.Bitmap: int getHeight()>
NETWORK_INFORMATION,S,<java.lang.reflect.Array: java.lang.Object newInstance(java.lang.Class,int[])>
NETWORK_INFORMATION,S,<android.database.sqlite.SQLiteDatabase: android.database.Cursor query(java.lang.String,java.lang.String[],java.lang.String,java.lang.String[],java.lang.String,java.lang.String,java.lang.String)>
NETWORK_INFORMATION,S,<javax.crypto.Cipher: byte[] doFinal(byte[])>
NETWORK_INFORMATION,S,<android.net.NetworkInfo: android.net.NetworkInfo$State getState()>
NETWORK_INFORMATION,S,<android.net.NetworkInfo: int getSubtype()>
NETWORK_INFORMATION,S,<java.lang.Class: java.lang.reflect.Method getDeclaredMethod(java.lang.String,java.lang.Class[])>
NETWORK_INFORMATION,S,<java.lang.Class: java.lang.String getName()>
NETWORK_INFORMATION,S,<android.os.Environment: java.io.File getExternalStorageDirectory()>
NETWORK_INFORMATION,S,<java.lang.StringBuilder: java.lang.String toString()>
NETWORK_INFORMATION,S,<android.graphics.Bitmap: int getWidth()>
NETWORK_INFORMATION,S,<android.graphics.Paint: int getTextWidths(java.lang.String,float[])>
NETWORK_INFORMATION,S,<android.graphics.Paint: android.graphics.Paint$FontMetrics getFontMetrics()>
NETWORK_INFORMATION,S,<java.lang.Enum: java.lang.String toString()>
NETWORK_INFORMATION,S,<android.animation.Animator: android.animation.Animator clone()>
NETWORK_INFORMATION,S,<org.json.JSONStringer: org.json.JSONStringer endObject()>
NETWORK_INFORMATION,S,<java.io.File: java.lang.String getAbsolutePath()>
NETWORK_INFORMATION,S,<java.io.RandomAccessFile: long length()>
NETWORK_INFORMATION,S,<android.app.Activity: java.lang.Object getSystemService(java.lang.String)>
NETWORK_INFORMATION,S,<android.view.MotionEvent: float getX()>
NETWORK_INFORMATION,S,<java.lang.Class: java.lang.reflect.Constructor getConstructor(java.lang.Class[])>
NETWORK_INFORMATION,S,<java.net.URLConnection: int getContentLength()>
NETWORK_INFORMATION,S,<android.app.Activity: android.view.Window getWindow()>
NETWORK_INFORMATION,S,<android.view.SurfaceView: android.view.SurfaceHolder getHolder()>
NETWORK_INFORMATION,S,<android.webkit.WebBackForwardList: android.webkit.WebBackForwardList clone()>
NETWORK_INFORMATION,S,<org.json.JSONArray: org.json.JSONObject getJSONObject(int)>
NETWORK_INFORMATION,D,<android.content.res.Resources: android.util.DisplayMetrics getDisplayMetrics()>
NETWORK_INFORMATION,D,<android.view.ContextThemeWrapper: android.content.res.Resources getResources()>
NETWORK_INFORMATION,D,<android.app.Activity: android.view.Window getWindow()>
LOCATION_INFORMATION,S,<android.telephony.TelephonyManager: int getSimState()>
CALENDAR_INFORMATION,S,<java.util.Calendar: java.util.Calendar getInstance()>
CALENDAR_INFORMATION,S,<java.util.Calendar: int get(int)>
SYSTEM_SETTINGS,S,<java.lang.ClassLoader: java.lang.Class loadClass(java.lang.String)>
